id	sampleA	sampleB	baseMeanA	baseMeanB	log2FC	pval	padj
ENSTGUG00000001252	FCH	FTH	2548.83743838989	1170.13089336106	1.00557043010074	1.67456497941982e-05	0.0111586173747764
ENSTGUG00000001927	FCH	FTH	344.407637707377	122.064268282287	1.18309487480423	0.000130322872541874	0.0354352797997226
ENSTGUG00000003014	FCH	FTH	0	17.8152260638769	-1.93634792746713	3.12024700844722e-07	0.000724175899442652
ENSTGUG00000008587	FCH	FTH	4.24370568011922	34.2685031241518	-1.6530544786298	1.23775864368078e-05	0.00957568398328514
ENSTGUG00000008725	FCH	FTH	263.446778678791	63.8556765999441	1.40053690487709	7.67974296905081e-05	0.0262393822922044
ENSTGUG00000008902	FCH	FTH	33.8949796282142	197.723273559283	-1.47890751840082	8.2312820748876e-05	0.0270156497796248
ENSTGUG00000009232	FCH	FTH	62.8108593608688	175.179119298625	-1.19451566012763	7.56714376755175e-05	0.0261552563063023
ENSTGUG00000010805	FCH	FTH	336.243748029634	2048.85100566459	-1.68561414673462	3.55563962988997e-06	0.00420114984269818
ENSTGUG00000011007	FCH	FTH	354.788010290288	1559.35712529125	-1.4249411071048	7.2424580573681e-05	0.0254301109414109
ENSTGUG00000013081	FCH	FTH	114.842730413938	379.126795919163	-1.29245396641618	9.41729346091212e-05	0.0294222507479507
ENSTGUG00000000261	FCNT	FTNT	416.536103959251	109.409704317371	1.25566904908941	8.07691125340937e-05	0.0267794937654494
ENSTGUG00000000272	FCNT	FTNT	1425.33130577927	931.780495976748	0.58576479994075	2.39927177196367e-05	0.0133930398502627
ENSTGUG00000000313	FCNT	FTNT	928.635283595181	591.715026729287	0.618757571317574	1.97395188362015e-05	0.0118634104441237
ENSTGUG00000000658	FCNT	FTNT	1210.73727430847	577.550496358849	0.983733912284737	5.23816463815246e-08	0.000212751330631461
ENSTGUG00000001005	FCNT	FTNT	175.989936572956	87.3113119320607	0.875663128872383	0.000120405756212692	0.0338725890367178
ENSTGUG00000001273	FCNT	FTNT	453.181227594259	79.0211346856463	1.30227561323745	9.90244351807339e-05	0.0303542590576415
ENSTGUG00000001304	FCNT	FTNT	779.477516434993	150.110771399609	1.47251766694772	5.53094428297382e-06	0.00552021353449987
ENSTGUG00000001713	FCNT	FTNT	145.73759179708	50.3078053666873	1.23881798427914	2.65398806261207e-06	0.00351978396426215
ENSTGUG00000001798	FCNT	FTNT	1064.04607697879	84.4236395243113	2.42850335164818	8.61985763290633e-15	1.86720482758139e-10
ENSTGUG00000001874	FCNT	FTNT	310.460800784368	51.6547922549918	1.36171733884648	4.56734060140312e-05	0.0190261941655245
ENSTGUG00000001926	FCNT	FTNT	1240.67288624222	2235.04162490161	-0.776074561601409	3.76290753052187e-05	0.0168643135083423
ENSTGUG00000001927	FCNT	FTNT	601.575591999109	82.0658402587721	1.74462042532226	8.25808459225489e-08	0.000298139792904269
ENSTGUG00000002277	FCNT	FTNT	205.555460700949	32.8724087364763	1.62631709911759	5.2454677750848e-07	0.000973933495325387
ENSTGUG00000002410	FCNT	FTNT	823.641042450113	281.915873708539	1.16361917249228	5.66981646114676e-05	0.0219317275433109
ENSTGUG00000002978	FCNT	FTNT	858.657098896725	369.967856325772	1.05706587649501	2.83750568106457e-06	0.00368790613367962
ENSTGUG00000003043	FCNT	FTNT	576.008469834779	240.221335855666	1.02833730311027	7.93380546759844e-05	0.0264399152980454
ENSTGUG00000003897	FCNT	FTNT	981.706071691272	722.633399225045	0.430505533571108	5.03050828717677e-05	0.0201794803112458
ENSTGUG00000003929	FCNT	FTNT	174.020295358321	65.374505869981	1.08688270355476	0.000116860465633721	0.0335222376491631
ENSTGUG00000004321	FCNT	FTNT	1315.80808924365	354.976951212663	1.31833815713714	1.76359759976423e-05	0.011347266338681
ENSTGUG00000004554	FCNT	FTNT	333.552702398658	126.519242557522	1.15392538296502	6.0875215324525e-06	0.00581761157038861
ENSTGUG00000005108	FCNT	FTNT	146.176366304255	33.3422025062229	1.74159121669875	1.36953173015813e-11	1.48331699140544e-07
ENSTGUG00000005509	FCNT	FTNT	1080.34800655576	396.578131285686	1.13122065414535	4.17478235500471e-05	0.017966770287416
ENSTGUG00000005594	FCNT	FTNT	636.914027635023	453.310370039661	0.476056586469878	3.75662991718858e-05	0.0168643135083423
ENSTGUG00000005807	FCNT	FTNT	313.149667942464	634.029758382611	-0.894393491463249	4.39739586059733e-05	0.0186774359477724
ENSTGUG00000006018	FCNT	FTNT	298.539128607462	510.672562881779	-0.71314276986834	7.60689919503137e-05	0.0261552563063023
ENSTGUG00000006044	FCNT	FTNT	1541.4559999438	826.554201378406	0.795828701156522	0.000198258895605098	0.0482803016985921
ENSTGUG00000006180	FCNT	FTNT	30.2789490775884	77.5067038368471	-1.05632541856695	0.000148263424940737	0.0388503978619912
ENSTGUG00000006308	FCNT	FTNT	111.44381954135	23.8560053854942	1.36961886322502	2.43995336282514e-05	0.0133930398502627
ENSTGUG00000006392	FCNT	FTNT	81.142108462921	19.2431167650335	1.37332977253269	1.39970931141388e-05	0.0103363760911626
ENSTGUG00000006515	FCNT	FTNT	2358.10749020886	916.149946389465	1.18226997351213	2.07883542482838e-07	0.000547680296165797
ENSTGUG00000006669	FCNT	FTNT	231.553248567384	98.9939888155253	1.09131459904168	1.5909156993108e-07	0.00046993480327142
ENSTGUG00000006763	FCNT	FTNT	104.788965363961	46.2393467260736	0.990999604866171	4.66262262072967e-05	0.0192993968794979
ENSTGUG00000006920	FCNT	FTNT	1029.07039107073	236.250515923593	1.52798496831985	3.53586399855978e-07	0.000792338351539335
ENSTGUG00000007145	FCNT	FTNT	793.540616089536	313.016309262745	1.03991574247257	0.000201648677616967	0.0482803016985921
ENSTGUG00000007824	FCNT	FTNT	894.772035289399	2101.54890190794	-1.00904246682221	9.13078857921443e-05	0.0288040920301092
ENSTGUG00000007842	FCNT	FTNT	246.412856436951	399.666907190311	-0.65427052222507	6.73793977164046e-05	0.0243258342255586
ENSTGUG00000008015	FCNT	FTNT	1900.47488186719	4182.18308020448	-0.985127014933273	1.60584381051058e-05	0.0109848168448453
ENSTGUG00000008302	FCNT	FTNT	29.842017501175	148.466782869104	-1.37913013755026	2.55507086898566e-05	0.0133930398502627
ENSTGUG00000008311	FCNT	FTNT	7522.35422365549	3835.20593389125	0.844308189796821	0.000190660594011421	0.0474715659074029
ENSTGUG00000008598	FCNT	FTNT	480.956965729007	777.112189359434	-0.643342454476926	0.000177537595210509	0.0445968458832256
ENSTGUG00000009234	FCNT	FTNT	734.821472519233	221.897384013985	1.22255302605604	5.83296902971359e-05	0.0221669878594116
ENSTGUG00000009262	FCNT	FTNT	197.038499257017	78.7646405656627	1.12172951351295	3.53401226161007e-06	0.00420114984269818
ENSTGUG00000009316	FCNT	FTNT	538.791167413304	161.360147806287	1.25817364563117	2.6205379339005e-05	0.0135155283836924
ENSTGUG00000009434	FCNT	FTNT	748.810444968925	307.254681209576	1.04527783052671	6.23109151318436e-05	0.0230072432945617
ENSTGUG00000009860	FCNT	FTNT	2.78663352939587	40.5221771822321	-1.39517650562683	2.48719151272424e-05	0.0133930398502627
ENSTGUG00000009947	FCNT	FTNT	26.2711600382175	1.71410930833535	1.3146852699117	6.55446534096833e-05	0.0239293219203835
ENSTGUG00000010202	FCNT	FTNT	405.526024833445	249.268843043373	0.650978660889237	0.000201619710956096	0.0482803016985921
ENSTGUG00000010448	FCNT	FTNT	592.403294479459	1321.09405524626	-1.06056977623387	1.02543333258603e-08	6.05798046528212e-05
ENSTGUG00000010775	FCNT	FTNT	846.111807842728	1179.70357413317	-0.466216147519492	2.76962968203578e-05	0.0140346840510825
ENSTGUG00000010862	FCNT	FTNT	314.625023317278	602.974078867692	-0.854983021377328	8.03460319885054e-06	0.00723825384067724
ENSTGUG00000010906	FCNT	FTNT	207.858026889637	378.680399599075	-0.785133922655354	5.03013161564166e-05	0.0201794803112458
ENSTGUG00000011168	FCNT	FTNT	1883.05330661537	1325.1669851161	0.486825273173081	0.000213561112872216	0.0494812842540733
ENSTGUG00000011440	FCNT	FTNT	276.444473593617	59.9460402126653	1.42659492608577	7.80607062168633e-06	0.00714475351197586
ENSTGUG00000011615	FCNT	FTNT	43.8023669074135	330.038423940278	-1.60501269132725	1.33778786366009e-06	0.00206990819809406
ENSTGUG00000011705	FCNT	FTNT	106.802868307791	29.077176885851	1.2237654888017	0.000119805274983964	0.0338501991079692
ENSTGUG00000011826	FCNT	FTNT	8165.15848106018	5166.58141953962	0.628308916308523	1.2819258345262e-05	0.00980070004196295
ENSTGUG00000011849	FCNT	FTNT	1106.6701193783	1766.85283026981	-0.640971154583423	1.23309209904902e-05	0.00957568398328514
ENSTGUG00000011857	FCNT	FTNT	2653.20812095802	3756.71532497757	-0.482297322658086	0.000200793771885191	0.0482803016985921
ENSTGUG00000012600	FCNT	FTNT	142.136417978324	323.409465031062	-1.00585067846011	3.11478308211822e-05	0.0149936428586261
ENSTGUG00000012976	FCNT	FTNT	394.354365647656	620.88255330618	-0.620665193380723	2.97590118496494e-05	0.0144320103361901
ENSTGUG00000013046	FCNT	FTNT	1466.6401277651	547.192473359601	1.10554936424359	7.278603731788e-05	0.0254301109414109
ENSTGUG00000013048	FCNT	FTNT	405.360015691151	83.2807316094015	1.76701399961393	2.45631736911165e-10	1.99529730289651e-06
ENSTGUG00000013369	FCNT	FTNT	116.96732061587	54.4369590707244	0.948398379918562	5.25247471945117e-05	0.020940617769542
ENSTGUG00000013376	FCNT	FTNT	805.076526477222	442.489453679844	0.7874232922795	3.56374543953986e-05	0.0164248225098225
ENSTGUG00000013499	FCNT	FTNT	314.800872713718	111.024653633038	1.13127593033567	8.9966661206457e-05	0.028659232737753
ENSTGUG00000013730	FCNT	FTNT	322.890337141995	810.84347241364	-1.0315188641847	0.000217103459784255	0.0496777054016895
ENSTGUG00000013860	FCNT	FTNT	68.8329960826537	137.167329740877	-0.872219242059242	6.36718347629874e-05	0.0233769162828968
ENSTGUG00000014667	FCNT	FTNT	678.753875662073	312.704813401125	0.968173908411469	2.29066821460397e-05	0.012964783227459
ENSTGUG00000015372	FCNT	FTNT	883.039648876836	1364.24578554958	-0.599140955914963	1.59382023378522e-05	0.0109848168448453
ENSTGUG00000015683	FCNT	FTNT	565.401695723099	342.663833668121	0.676192801417225	4.02898327255958e-05	0.01769077553833
ENSTGUG00000016616	FCNT	FTNT	1369.79362298693	2687.23871315103	-0.859392006798957	6.11568323028384e-05	0.0227780972255203
ENSTGUG00000016909	FCNT	FTNT	153.530893636321	63.7763636470251	1.00975533689087	0.000166975846733498	0.0423864273436577
ENSTGUG00000017398	FCNT	FTNT	441.450356252445	115.41874119882	1.35491014526233	9.64732923938686e-06	0.00793584418508298
ENSTGUG00000000152	MCH	MTH	2399.42623362149	1581.14690441628	0.577414643849253	0.000151914823988011	0.0394887393474436
ENSTGUG00000000241	MCH	MTH	553.802907012956	290.358638652388	0.847584311002583	7.83533657581361e-05	0.0263630397259695
ENSTGUG00000000263	MCH	MTH	106.38210305425	23.9292543301993	1.38317738057183	0.000105482514399868	0.0311582174528917
ENSTGUG00000000277	MCH	MTH	101.353437526715	22.0951496090129	1.48591391251936	2.43899063678956e-05	0.0133930398502627
ENSTGUG00000000313	MCH	MTH	790.849582758223	600.094880953514	0.389084837431164	0.000218567049132407	0.0498371217118228
ENSTGUG00000000320	MCH	MTH	695.579036540569	110.344169661819	1.78097366718893	3.88862950767567e-07	0.000815169640504205
ENSTGUG00000000335	MCH	MTH	596.78547175016	985.494556473276	-0.689945709817944	1.66073487800639e-05	0.0111586173747764
ENSTGUG00000000346	MCH	MTH	60.3342504858522	15.4198335921254	1.37978142524887	5.4148951868677e-05	0.0211980098625661
ENSTGUG00000000359	MCH	MTH	222.696141325898	787.670915769963	-1.37298719645632	2.13818350850436e-05	0.012518004981996
ENSTGUG00000000537	MCH	MTH	157.050816610322	257.227893476481	-0.667885065069292	0.000174784389456081	0.0441959671159666
ENSTGUG00000000790	MCH	MTH	24.1693634998834	74.0951719150001	-1.23544227211291	9.79440379381118e-05	0.030309015740039
ENSTGUG00000000842	MCH	MTH	877.332332235221	327.258965579612	1.17775416771993	3.23483903448334e-05	0.0154570599011691
ENSTGUG00000000864	MCH	MTH	17.0505560908098	136.298841029214	-1.59849970433342	1.84497634498041e-05	0.0114186464551002
ENSTGUG00000000959	MCH	MTH	181.953431000991	42.5058883542679	1.40027990130165	7.06266579200117e-05	0.0250531675113357
ENSTGUG00000001016	MCH	MTH	2757.33847440723	4073.69992060461	-0.54636890833719	2.45639766192429e-05	0.0133930398502627
ENSTGUG00000001074	MCH	MTH	111.001329708656	44.9452335064101	1.15856524506553	3.49728532322461e-06	0.00420114984269818
ENSTGUG00000001247	MCH	MTH	601.047637564628	1172.46747297454	-0.887309515409046	1.32145919511271e-05	0.00998546811562787
ENSTGUG00000001254	MCH	MTH	434.642962333968	287.245812473201	0.574762968250505	3.87920149385972e-05	0.0172664321286626
ENSTGUG00000001307	MCH	MTH	260.952109649537	49.3121796559151	1.50267759519289	3.27972551069704e-05	0.0155571505337699
ENSTGUG00000001690	MCH	MTH	1160.69615932903	732.484913402233	0.640962080797887	5.68175403754522e-06	0.00552021353449987
ENSTGUG00000001743	MCH	MTH	407.692702898316	153.53410760551	1.19619042334207	8.96657899069553e-06	0.00756744332091363
ENSTGUG00000001883	MCH	MTH	177.624204447728	34.8118401465693	1.54127224672576	1.41847059427711e-05	0.0103572260189998
ENSTGUG00000001888	MCH	MTH	134.274274611101	54.3347950006014	1.08558019180142	0.00010227990280191	0.0307685368667578
ENSTGUG00000002082	MCH	MTH	307.835416858354	144.316433167342	0.963696731515435	6.1339801715258e-05	0.0227780972255203
ENSTGUG00000002110	MCH	MTH	203.790808175406	91.6766939506756	1.03765170093641	3.30416719302334e-06	0.00412925586612735
ENSTGUG00000002400	MCH	MTH	1109.51172652516	351.240546638458	1.25615822532409	9.3512926774953e-05	0.0293571862148325
ENSTGUG00000002495	MCH	MTH	364.804094923186	85.9285408866103	1.47079995471043	1.58615772170859e-05	0.0109848168448453
ENSTGUG00000002518	MCH	MTH	1560.09820347015	4027.69094224933	-1.13522956371473	5.72153101274092e-05	0.022000810228578
ENSTGUG00000002558	MCH	MTH	35.1790965432904	2.00445302938754	1.83628903726642	9.97387619735453e-07	0.00162038086171271
ENSTGUG00000002706	MCH	MTH	303.341566112184	178.41087137376	0.725311441792229	0.000105482924361563	0.0311582174528917
ENSTGUG00000002840	MCH	MTH	609.269883407261	918.765534306763	-0.56968671235499	0.000177742295664468	0.0445968458832256
ENSTGUG00000003055	MCH	MTH	42.4093092541026	201.844304538931	-1.42554797734775	7.71212128615994e-05	0.0262393822922044
ENSTGUG00000003111	MCH	MTH	345.161869658734	51.2346539359984	1.73315717805043	1.49689104425131e-06	0.00226222010489933
ENSTGUG00000003139	MCH	MTH	260.229136611461	608.492575684408	-1.07048497612892	1.80525110313329e-05	0.0113991322892635
ENSTGUG00000003158	MCH	MTH	46.5819717455575	11.584610808752	1.33644570545714	0.000128769125822101	0.0353117907853373
ENSTGUG00000003178	MCH	MTH	674.657412316186	136.76973872125	1.67328038566953	5.12028951620017e-07	0.000973933495325387
ENSTGUG00000003180	MCH	MTH	49.698836625659	211.559777650583	-1.38471576390088	8.87896664290388e-05	0.0285643389747084
ENSTGUG00000003198	MCH	MTH	395.092833184999	3973.38363480948	-1.3844251661628	0.000211300860314995	0.0492164387368098
ENSTGUG00000003351	MCH	MTH	242.481040161541	25.8881707401701	1.97992173111548	4.66533502894161e-08	0.000202117864570514
ENSTGUG00000003596	MCH	MTH	225.965645273246	480.73684526022	-0.974888661653021	2.55556965674012e-05	0.0133930398502627
ENSTGUG00000003774	MCH	MTH	320.489479727777	61.5393909507509	1.5980288007634	5.24844180386763e-06	0.00550112888103771
ENSTGUG00000003776	MCH	MTH	212.51551982489	473.65276948008	-0.990689225580898	0.000157764447967013	0.0403634750044737
ENSTGUG00000003777	MCH	MTH	146.763578916787	52.0935869318865	1.3363808404114	3.47088775281654e-08	0.000161111171869131
ENSTGUG00000003948	MCH	MTH	1064.52908388444	2212.31522870114	-0.948863267757395	2.78598790888612e-05	0.0140346840510825
ENSTGUG00000003966	MCH	MTH	142.549682415343	370.439484091985	-1.16202949522119	1.97773251513965e-05	0.0118634104441237
ENSTGUG00000004032	MCH	MTH	96.6210525634359	495.012766005685	-1.51724115445818	2.29429879381055e-05	0.012964783227459
ENSTGUG00000004155	MCH	MTH	735.106367983813	159.302733264613	1.71630314997489	3.37196068974409e-08	0.000161111171869131
ENSTGUG00000004219	MCH	MTH	851.024725339963	3388.25255449007	-1.49465200270207	4.09496232519847e-06	0.00475198440541112
ENSTGUG00000004239	MCH	MTH	5509.07605406513	566.692769658073	1.57041140283349	2.89431125912574e-05	0.0142490013010823
ENSTGUG00000004272	MCH	MTH	902.176763553903	442.310497811282	0.910484822948055	0.000131584242084391	0.0356291748827255
ENSTGUG00000004382	MCH	MTH	178.695425708503	79.4125059347018	1.0176302352435	5.3743613430116e-05	0.0211980098625661
ENSTGUG00000004458	MCH	MTH	2911.3930116873	7084.4210426418	-1.09951174278842	2.8777810676276e-05	0.0142490013010823
ENSTGUG00000004487	MCH	MTH	605.051137375408	263.480123579825	1.02649284287696	0.000107659152240205	0.0315145495870709
ENSTGUG00000004727	MCH	MTH	2356.64437522716	5508.45003648874	-1.02526986035579	0.000216697210273326	0.0496777054016895
ENSTGUG00000004776	MCH	MTH	852.169651735751	1365.62160662044	-0.653164054727101	1.14149931909621e-05	0.00912921541166462
ENSTGUG00000004923	MCH	MTH	265.751787003557	67.8845908547799	1.44050749566569	1.37560618315724e-05	0.0102751457255716
ENSTGUG00000004993	MCH	MTH	226.843251310471	725.046903519384	-1.27371547817194	7.05098747854654e-05	0.0250531675113357
ENSTGUG00000005049	MCH	MTH	92.2497763485059	202.058235932221	-0.990357011334244	6.63790416166551e-05	0.0240985587679236
ENSTGUG00000005151	MCH	MTH	927.228012794934	2123.07365468518	-1.0747774796125	1.87522784142517e-06	0.00264916698423945
ENSTGUG00000005247	MCH	MTH	1658.43973452631	580.653498316828	1.19618720083993	8.9503783446607e-05	0.0286522333363436
ENSTGUG00000005286	MCH	MTH	296.701251137374	97.7325388805076	1.22864765093204	0.000103216758281961	0.0307685368667578
ENSTGUG00000005487	MCH	MTH	869.780640349918	149.86356963187	2.00387639618492	4.53263208654318e-11	4.20790137348584e-07
ENSTGUG00000005519	MCH	MTH	264.922182903696	81.8255200682931	1.31222434923942	2.54081863247174e-05	0.0133930398502627
ENSTGUG00000005557	MCH	MTH	20.0420753354896	78.6535579412175	-1.3270053163775	0.000151234523289834	0.0394697811083929
ENSTGUG00000005609	MCH	MTH	405.719948899469	1201.96000293146	-1.28452103650499	8.22354064772924e-06	0.00723825384067724
ENSTGUG00000005690	MCH	MTH	695.957324451355	336.6521218387	0.937954144175139	3.64443763646459e-05	0.016561802783612
ENSTGUG00000005766	MCH	MTH	414.602938129461	109.140114808946	1.41614007255967	1.82448010762165e-05	0.0114003692109416
ENSTGUG00000005770	MCH	MTH	221.916738192393	47.0361460887237	1.36430059226771	0.000185010440210577	0.0462419363734014
ENSTGUG00000005830	MCH	MTH	189.132074201205	458.168202015766	-1.06815079285683	0.000122897867914193	0.0343200909731078
ENSTGUG00000005958	MCH	MTH	1407.74174471217	446.742273493006	1.32741660531547	9.14260671371259e-06	0.00761708073449504
ENSTGUG00000006099	MCH	MTH	1432.77410971183	2782.19363706053	-0.862160623039136	0.00012865473658159	0.0353117907853373
ENSTGUG00000006280	MCH	MTH	470.703541112719	151.672297085514	1.22733830863797	0.000153039234809297	0.0396225285820008
ENSTGUG00000006308	MCH	MTH	151.059152488947	34.9332251995875	1.44313482211508	3.33751009641114e-05	0.0157165285228462
ENSTGUG00000006324	MCH	MTH	680.135520008221	1351.76973828827	-0.89848817624721	4.08979808579963e-05	0.0177183685737126
ENSTGUG00000006339	MCH	MTH	174.172918006868	35.249945912719	1.57482929198374	5.56881835031388e-06	0.00552021353449987
ENSTGUG00000006447	MCH	MTH	1277.09329407416	3149.848902687	-1.07598648412141	0.000155002179024276	0.0399714944598911
ENSTGUG00000006519	MCH	MTH	38373.8004700973	6320.10114308649	1.40899161617725	0.000160318468943171	0.0408560615853804
ENSTGUG00000006595	MCH	MTH	217.165687963586	1488.70755589196	-2.05877584178079	3.08381462283593e-10	2.22668548072214e-06
ENSTGUG00000006600	MCH	MTH	342.291988138478	63.8722363009375	1.76968412255916	9.04889407158085e-08	0.000309495990127201
ENSTGUG00000006622	MCH	MTH	124.015277603998	23.6008752246577	1.37471251108084	0.000199764459197573	0.0482803016985921
ENSTGUG00000006856	MCH	MTH	831.124594623395	440.304900903279	0.847270464985595	2.59675360877632e-05	0.0135000026613063
ENSTGUG00000006869	MCH	MTH	24.6427359469171	117.988829756499	-1.41878445629962	8.7553379517079e-05	0.0284482818395869
ENSTGUG00000006872	MCH	MTH	45.7806338197505	154.80382274624	-1.32042006382725	4.56548780132954e-05	0.0190261941655245
ENSTGUG00000006991	MCH	MTH	301.606612684758	1082.00904865425	-1.28025219202271	0.00020695789563755	0.048906032174568
ENSTGUG00000007098	MCH	MTH	85.2840429421842	12.7428450035744	1.39319960810028	0.000201749141450752	0.0482803016985921
ENSTGUG00000007127	MCH	MTH	146.988494321579	29.0126276423956	1.5950263970702	4.41820480952596e-06	0.00503714104468499
ENSTGUG00000007172	MCH	MTH	31.1068761195552	6.03080184717825	1.51467051283371	1.80674097990942e-05	0.0113991322892635
ENSTGUG00000007304	MCH	MTH	371.558369159496	211.741740303383	0.752545749859154	0.000132725731897921	0.0357891356323088
ENSTGUG00000007354	MCH	MTH	983.515729016797	2266.39635154343	-1.02627117980466	0.000117466113365859	0.0335222376491631
ENSTGUG00000007380	MCH	MTH	6.47553201329604	34.8436677930794	-1.54518953214082	1.58327772372584e-05	0.0109848168448453
ENSTGUG00000007457	MCH	MTH	213.957542809937	646.680805175682	-1.28176642470008	1.70674257013961e-05	0.0112032995879316
ENSTGUG00000007532	MCH	MTH	197.399158407635	29.0873294854499	1.73209832523221	1.54343099748413e-06	0.00226324678593287
ENSTGUG00000007560	MCH	MTH	1.85496381212849	20.8253427666691	-1.70510390571191	5.39913080005972e-06	0.00552021353449987
ENSTGUG00000007613	MCH	MTH	71.2327418602929	142.077714529745	-0.90006816545829	4.85686340037709e-05	0.0197639211661809
ENSTGUG00000007672	MCH	MTH	182.940800379599	319.276623634227	-0.762229605165312	5.13607467584165e-06	0.00547160348868147
ENSTGUG00000007740	MCH	MTH	1230.66402986606	3959.91157576847	-1.36713064867657	3.25647710473025e-06	0.00412925586612735
ENSTGUG00000008053	MCH	MTH	326.049268536151	665.742281228694	-0.910287548663027	0.00012881503591801	0.0353117907853373
ENSTGUG00000008126	MCH	MTH	1064.14620336021	577.31353017397	0.811473841949657	6.00892500932392e-05	0.0225716758225962
ENSTGUG00000008496	MCH	MTH	1848.51888369346	3639.49754128547	-0.893095664166166	2.20358214600926e-05	0.0126725474122488
ENSTGUG00000008550	MCH	MTH	851.056161167358	185.158213959122	1.51818069830518	1.15195147150342e-05	0.00912921541166462
ENSTGUG00000008623	MCH	MTH	732.227297239223	1702.56958042198	-1.03250802252132	0.000127678164012811	0.0353117907853373
ENSTGUG00000008678	MCH	MTH	815.383544514793	1150.20662411004	-0.485135422694773	5.39383931504144e-05	0.0211980098625661
ENSTGUG00000008929	MCH	MTH	26.3141560426992	80.2149295955217	-1.32346372795823	4.93818422130405e-06	0.00534846502702406
ENSTGUG00000008991	MCH	MTH	400.769589716262	70.3905772977723	1.46130334441906	7.47089991404482e-05	0.0259623759847167
ENSTGUG00000009015	MCH	MTH	541.602205420953	122.582949314151	1.47247443252663	2.18390985327358e-05	0.0126715519477664
ENSTGUG00000009022	MCH	MTH	623.507655630933	389.326813863512	0.642588250350282	0.000103156103150324	0.0307685368667578
ENSTGUG00000009033	MCH	MTH	1890.03942436822	2487.69095079995	-0.390210481147342	3.42787884531763e-05	0.0160259501268321
ENSTGUG00000009051	MCH	MTH	34778.8869436664	5294.23983540903	1.4635344875429	8.87100664796012e-05	0.0285643389747084
ENSTGUG00000009070	MCH	MTH	294.939911931102	174.703016978789	0.713967963497474	9.88183026497892e-05	0.0303542590576415
ENSTGUG00000009144	MCH	MTH	693.415665074715	2255.00525267734	-1.33546686269955	1.44882771339447e-05	0.0104613409949933
ENSTGUG00000009300	MCH	MTH	100.997836147046	286.749950721023	-1.2325188555388	2.11537940626466e-05	0.0124970846105553
ENSTGUG00000009319	MCH	MTH	805.357567536902	166.889555084651	1.6601111438888	5.51038647603838e-07	0.000994701292070429
ENSTGUG00000009334	MCH	MTH	261.194402653704	455.790404220609	-0.759877047417137	8.560782706385e-06	0.00741763285565905
ENSTGUG00000009459	MCH	MTH	13.096374327077	58.6952198757358	-1.35142476515011	0.000202081127368117	0.0482803016985921
ENSTGUG00000009505	MCH	MTH	53.2259238110334	181.675259996242	-1.46287184301379	2.59650176746447e-07	0.000648975643687226
ENSTGUG00000009536	MCH	MTH	244.891827162214	74.9336764936314	1.23836699589025	0.000208337867234891	0.0490537547183312
ENSTGUG00000009674	MCH	MTH	422.080560871147	73.3140844724254	1.45417762045373	8.37235447962646e-05	0.0273405756712827
ENSTGUG00000010015	MCH	MTH	829.025285692729	1835.57836737535	-1.0059189387956	4.37498946878745e-05	0.0186774359477724
ENSTGUG00000010102	MCH	MTH	1827.07878911162	3933.20802119553	-0.991311015262584	1.47470272248357e-05	0.0105311600462192
ENSTGUG00000010301	MCH	MTH	336.927882498384	1153.19109808039	-1.31929947495605	5.56827996160767e-05	0.0216679445092859
ENSTGUG00000010417	MCH	MTH	152.181204556701	301.710418161428	-0.87730429347655	0.000205181932665813	0.0486633134828023
ENSTGUG00000010468	MCH	MTH	380.618019444321	100.197661646952	1.37484935696523	4.86608815355688e-05	0.0197639211661809
ENSTGUG00000010511	MCH	MTH	493.156681828328	294.121337623741	0.704836165867916	2.50351327350496e-05	0.0133930398502627
ENSTGUG00000010572	MCH	MTH	121.216006384944	505.700285635087	-1.49191072984346	8.24237568993023e-06	0.00723825384067724
ENSTGUG00000010605	MCH	MTH	54.0469312032311	163.539518395015	-1.26574802756087	2.95820068348247e-05	0.0144320103361901
ENSTGUG00000010681	MCH	MTH	733.877746103144	208.312460460063	1.34568697534013	4.07995793801913e-05	0.0177183685737126
ENSTGUG00000010724	MCH	MTH	869.43896772219	2681.04199294153	-1.30647217687514	1.14188034931075e-05	0.00912921541166462
ENSTGUG00000010842	MCH	MTH	1747.46684453346	382.474283085595	1.61982073983204	8.36646986818229e-07	0.00139408985739443
ENSTGUG00000010917	MCH	MTH	1038.37410346752	1518.8383455995	-0.527876207591379	0.000214722199886877	0.0494812842540733
ENSTGUG00000010952	MCH	MTH	471.757135689522	71.1359210906763	1.77474678132543	6.17625972887489e-07	0.00105622168021299
ENSTGUG00000010970	MCH	MTH	5.34707796130797	35.9685589755968	-1.42867963621788	0.000137975123989071	0.036898409186954
ENSTGUG00000011001	MCH	MTH	82.5122801279393	235.572458296013	-1.17725951966591	0.000157244634569103	0.0403634750044737
ENSTGUG00000011008	MCH	MTH	467.595437485512	1430.76985729454	-1.31195472535608	7.36365380059404e-06	0.00683610060330863
ENSTGUG00000011031	MCH	MTH	109.418525841709	28.3255509079834	1.39376006260974	2.87038101308122e-05	0.0142490013010823
ENSTGUG00000011101	MCH	MTH	405.346931119061	135.458306144712	1.19563056104929	0.000193910343670528	0.0480964262726308
ENSTGUG00000011142	MCH	MTH	272.455313361415	747.825328277234	-1.19959896436344	2.67800524496664e-05	0.013703163058595
ENSTGUG00000011228	MCH	MTH	2304.1360618164	840.022818402734	1.16067383474246	0.000117612836562425	0.0335222376491631
ENSTGUG00000011326	MCH	MTH	180.478565323711	467.35909467507	-1.10448276953373	0.000201420621867965	0.0482803016985921
ENSTGUG00000011331	MCH	MTH	32.6174028228098	8.25148669758407	1.32169374341922	0.000144854193218528	0.0382656493752278
ENSTGUG00000011626	MCH	MTH	188.716264794307	578.639882065948	-1.42997685677112	2.89030261416242e-09	1.87826315381345e-05
ENSTGUG00000011692	MCH	MTH	406.328658797646	64.6529024568713	1.79475742723062	2.71299970790168e-07	0.00065297883710367
ENSTGUG00000011702	MCH	MTH	354.132280891603	725.04851348996	-0.916367500917771	0.000115233602156928	0.0332820250496353
ENSTGUG00000011867	MCH	MTH	243.125567053528	128.933812017033	0.823674863858217	0.000198959461006032	0.0482803016985921
ENSTGUG00000012142	MCH	MTH	134.621889056232	609.442434688362	-1.63900720166836	3.85383982665289e-07	0.000815169640504205
ENSTGUG00000012153	MCH	MTH	712.857768511534	1705.97590236328	-1.06008390308423	0.00010669437609018	0.0313734571503184
ENSTGUG00000012314	MCH	MTH	144.008330185307	360.248663098927	-1.11446673436224	4.46054875844119e-05	0.018822646822552
ENSTGUG00000012317	MCH	MTH	39.6917221131205	140.337304089217	-1.50442571404026	1.51904906306461e-07	0.00046993480327142
ENSTGUG00000012611	MCH	MTH	1765.58613797551	4375.34362778647	-1.09461627626976	8.18699654619055e-05	0.0270066990129032
ENSTGUG00000012626	MCH	MTH	267.872403100761	49.824999343145	1.40776037117341	0.00013709538022368	0.0368146416687431
ENSTGUG00000012912	MCH	MTH	110.575856757201	231.477896564292	-0.927422875984871	0.000211006801478916	0.0492164387368098
ENSTGUG00000012992	MCH	MTH	99.3466218068101	12.6501965488081	1.45780965998147	0.000102491395411122	0.0307685368667578
ENSTGUG00000012998	MCH	MTH	775.264002484356	2174.4549419968	-1.19149256469172	7.02557588717617e-05	0.0250531675113357
ENSTGUG00000013185	MCH	MTH	168.497824368328	348.354959718962	-0.965534018663572	1.29436214752944e-06	0.00205156400383416
ENSTGUG00000013240	MCH	MTH	390.370673399335	89.7612428130897	1.60358325923339	5.85194124796194e-07	0.00102780649188867
ENSTGUG00000013282	MCH	MTH	115.648931211311	13.8833759068223	1.87579196218055	2.10694889653688e-07	0.000547680296165797
ENSTGUG00000013305	MCH	MTH	188.097993484422	87.7369740872909	0.964087906705148	0.00010933161861998	0.0317183715893723
ENSTGUG00000013491	MCH	MTH	600.568905846219	3131.21436443724	-1.76660221647685	6.96880920319091e-08	0.000266392980040801
ENSTGUG00000013594	MCH	MTH	4782.84492230423	7422.59972983029	-0.60265142318374	0.000214363236012812	0.0494812842540733
ENSTGUG00000013690	MCH	MTH	89.9427129163682	215.726901076197	-1.04656973484145	0.000205166710384915	0.0486633134828023
ENSTGUG00000013874	MCH	MTH	0	247.841080390193	-5.21115328166166	5.60253930822161e-56	3.64081016944781e-51
ENSTGUG00000014433	MCH	MTH	1342.77862509137	770.667222310532	0.767953361774948	2.01971794996071e-07	0.000547680296165797
ENSTGUG00000014453	MCH	MTH	154.460943593623	19.685089994124	1.73362776998789	2.41158953856336e-06	0.00326494054507374
ENSTGUG00000014548	MCH	MTH	121.805599963637	279.519314613995	-1.0520479208164	1.98986187336999e-05	0.0118634104441237
ENSTGUG00000014778	MCH	MTH	16.5098967291974	85.4063765926544	-1.42789586965938	9.75507824862922e-05	0.030309015740039
ENSTGUG00000014961	MCH	MTH	1352.84327006169	286.867410251817	1.65493655391047	4.6870522005971e-07	0.000951837772674384
ENSTGUG00000015080	MCH	MTH	198.815510370802	651.693525983053	-1.36688423198469	5.69137965394308e-06	0.00552021353449987
ENSTGUG00000015176	MCH	MTH	290.943051904056	145.388737655962	0.910964220793619	1.68276448830974e-05	0.0111586173747764
ENSTGUG00000015272	MCH	MTH	0	33.3145681737483	-2.79743544978887	5.70624568971386e-14	9.27050940365138e-10
ENSTGUG00000015343	MCH	MTH	105.255341093406	47.1483859313822	1.00023415193995	0.000123052722885806	0.0343200909731078
ENSTGUG00000015769	MCH	MTH	2188.52873367446	188.455999701	1.54989938669334	3.59018014979109e-05	0.0164301307770545
ENSTGUG00000015780	MCH	MTH	54.4740568448195	277.692056753112	-1.43979994573005	7.76419580822731e-05	0.026278972114461
ENSTGUG00000015864	MCH	MTH	169.175010436971	74.3875588486458	1.03419755532207	5.78558114097206e-05	0.0221162347321217
ENSTGUG00000016213	MCH	MTH	3.00592225406276	37.7720335460173	-2.06365149794863	1.83472892700642e-08	9.93582161012603e-05
ENSTGUG00000016430	MCH	MTH	1976.14612236922	1256.03091357214	0.625858411975686	4.8088225553355e-05	0.0197639211661809
ENSTGUG00000016852	MCH	MTH	827.355563548812	160.517753437716	1.58275782934276	6.83441578005388e-06	0.00643673202125799
ENSTGUG00000017216	MCH	MTH	1687.90494451118	593.464533728904	1.18145181593163	0.000129325324411946	0.0353117907853373
ENSTGUG00000017425	MCH	MTH	388.95338280651	49.9385972982396	1.74353488673271	2.04795937163452e-06	0.00283163063331211
ENSTGUG00000017518	MCH	MTH	132.842625463955	365.430295168176	-1.15807477100672	0.000141416529903762	0.0375100130440652
ENSTGUG00000018356	MCH	MTH	3623.92951948193	7562.96738047159	-0.94431743828377	5.93558934312377e-05	0.0224258298524941
ENSTGUG00000000600	MCNT	MTNT	157.162361162861	36.5179214084124	1.17622153377857	1.73352509685672e-05	0.0112653128419234
ENSTGUG00000003275	MCNT	MTNT	582.008718212551	292.265368252508	0.831799630553291	3.50782627266981e-05	0.0162825778806748
ENSTGUG00000003351	MCNT	MTNT	315.716883002649	28.923556943484	1.44993994017723	1.42367920545303e-07	0.000462588965831824
ENSTGUG00000003617	MCNT	MTNT	73.9856773907711	211.481909052483	-1.11903889351125	4.62378448890382e-06	0.00509282432222737
ENSTGUG00000004034	MCNT	MTNT	274.540428204013	159.652795617558	0.690500402371709	7.8701695881174e-05	0.0263630397259695
ENSTGUG00000005243	MCNT	MTNT	457.465185076712	693.647131477662	-0.557204653039189	0.000199504319807913	0.0482803016985921
ENSTGUG00000006238	MCNT	MTNT	41.7250368653896	2.29876545098474	0.954001915827629	0.000139845719948923	0.0372453857003309
ENSTGUG00000006458	MCNT	MTNT	62.3436858798926	142.787557739476	-0.914818263244909	0.000108149365518577	0.0315160830413664
ENSTGUG00000007641	MCNT	MTNT	350.604971508293	185.628230573901	0.794007262589846	1.9172151500774e-05	0.0117537949554509
ENSTGUG00000008122	MCNT	MTNT	1396.3187961241	731.216896080703	0.771847723777806	0.000210494027787898	0.0492164387368098
ENSTGUG00000009838	MCNT	MTNT	97.1165273895269	34.0349703982204	1.09078706221153	8.85090719360158e-06	0.00756744332091363
ENSTGUG00000011331	MCNT	MTNT	47.2951734381136	11.8869226659475	1.04714658366563	0.00014693124122556	0.0386571931621174
ENSTGUG00000011459	MCNT	MTNT	1395.36998636351	908.345269601185	0.576823661805313	3.94954703833682e-05	0.0174599533528108
ENSTGUG00000011518	MCNT	MTNT	1763.21492461364	2764.94158799021	-0.595866810673502	0.000102532710752919	0.0307685368667578
ENSTGUG00000011704	MCNT	MTNT	75.427635185208	8.55333993282064	1.25889606982896	4.50565791235653e-06	0.00504827895576705
ENSTGUG00000011798	MCNT	MTNT	219.305321194068	429.819275569347	-0.810675812712216	7.09361055949183e-05	0.0250531675113357
ENSTGUG00000012425	MCNT	MTNT	56.1846862967555	0	1.92735941256905	1.85155820213326e-12	2.4064701953126e-08
ENSTGUG00000013643	MCNT	MTNT	505.024728653403	204.427187147923	1.04924584181071	1.5672248267597e-06	0.00226324678593287
ENSTGUG00000013874	MCNT	MTNT	0	408.162834061812	-3.84573340764451	1.30835781648052e-46	4.25118163519934e-42
ENSTGUG00000013918	MCNT	MTNT	255.084365052732	135.184532074556	0.77317805451278	0.00010193197401366	0.0307685368667578
ENSTGUG00000015272	MCNT	MTNT	0.75571192134234	52.5781893108173	-1.32649481469877	4.83895833041757e-07	0.000952908203339957
ENSTGUG00000015809	MCNT	MTNT	86.1849035206299	175.441302424373	-0.825670286987059	9.06579543469632e-05	0.0287385715279873
ENSTGUG00000016616	MCNT	MTNT	954.036938250911	2512.50322578583	-0.976006051274375	0.000118182579645482	0.0335375324814919
