#chr	start	end	number_of_dms	hypermethylated_samples	hypomethylated_samples	methylation_level_FCH1	methylation_level_FCH2	methylation_level_FCH3	methylation_level_MTH1	methylation_level_MTH2	methylation_level_MTH3
1	5893182	5893233	3	MTH1,FCH3	MTH2	0.07894736842105263	0.07894736842105263	0.26	0.1331168831168831	0.00946372239747634	0.0
1	5924411	5924914	5	MTH1,MTH2		0.03832752613240418	0.06532663316582915	0.025	0.06082614616432138	0.020068156001514577	0.0255885363357216
1	7987850	7988039	3	MTH3	MTH2	0.04057971014492753	0.013513513513513514	0.014084507042253521	0.04707792207792208	0.006679389312977099	0.04017857142857143
1	10331111	10331362	3	MTH1,MTH2		0.012195121951219513	0.0196078431372549	0.01060070671378092	0.05516431924882629	0.02168256721595837	0.01171875
1	14134611	14134748	3	MTH1,FCH1	MTH2	0.0763888888888889	0.04	0.057291666666666664	0.08932461873638345	0.017130620985010708	0.025974025974025976
1	15936703	15936721	3	MTH1	MTH2	0.06666666666666667	0.1111111111111111	0.0	0.3008130081300813	0.022058823529411766	0.2
1	17702794	17703014	3	MTH1	MTH2	0.037037037037037035	0.014634146341463415	0.04040404040404041	0.08548931383577053	0.019088016967126194	0.05752212389380531
1	21706485	21706710	12	MTH2,FCH3	FCH2,FCH1	0.04910929224843524	0.035862317534690935	0.07766022692425636	0.06020181943276508	0.07412969283276451	0.054618391277514916
1	23927667	23927824	3	MTH1,MTH3	MTH2	0.07253886010362694	0.03529411764705882	0.03389830508474576	0.06666666666666667	0.01045751633986928	0.05785123966942149
1	25555885	25556276	3	MTH3,MTH1	MTH2	0.05811623246492986	0.05153203342618384	0.04809619238476954	0.06842435655994979	0.02125215393452039	0.07221006564551423
1	26624273	26624506	3	MTH1		0.041884816753926704	0.025936599423631124	0.04216867469879518	0.06789250353606789	0.019955654101995565	0.020080321285140562
1	27350514	27350945	4	MTH1,FCH2,MTH2		0.04056437389770723	0.039285714285714285	0.03260869565217391	0.03996634413125789	0.021356113187399894	0.031322505800464036
1	27820502	27820835	3	FCH2,MTH3		0.026785714285714284	0.05749128919860627	0.026515151515151516	0.017733990147783252	0.012520868113522538	0.0326530612244898
1	41234547	41234938	3	MTH2,FCH3,MTH3		0.014084507042253521	0.04009433962264151	0.04428904428904429	0.011217948717948718	0.018150879183210438	0.031598513011152414
1	42730250	42730336	3	MTH1,MTH2		0.04597701149425287	0.0449438202247191	0.056179775280898875	0.13259668508287292	0.04013377926421405	0.06153846153846154
1	43307995	43308312	3	MTH2		0.013623978201634877	0.010050251256281407	0.014234875444839857	0.026223776223776224	0.04526748971193416	0.00904977375565611
1	46097212	46097463	3	MTH2,FCH3		0.015873015873015872	0.013725490196078431	0.038356164383561646	0.012956419316843345	0.03488372093023256	0.01718213058419244
1	46342912	46343078	3	MTH1,FCH3	MTH2	0.05649717514124294	0.02702702702702703	0.1005586592178771	0.08812949640287769	0.01937984496124031	0.022099447513812154
1	47051415	47051580	3	MTH2,MTH1	FCH2,MTH3	0.06557377049180328	0.07339449541284404	0.08203125	0.07804878048780488	0.05420054200542006	0.031545741324921134
1	47058572	47058587	3	MTH1		0.15151515151515152	0.1	0.0	0.3197278911564626	0.05405405405405406	0.05454545454545454
1	53964635	53964894	3	FCH2	MTH2	0.09268292682926829	0.15202702702702703	0.05813953488372093	0.09130434782608696	0.029045643153526972	0.0498220640569395
1	55084113	55084604	4	MTH1		0.048484848484848485	0.016320474777448073	0.030634573304157548	0.05194805194805195	0.015102481121898598	0.024175824175824177
1	64999166	64999250	3	MTH2		0.0196078431372549	0.03488372093023256	0.04854368932038835	0.04923076923076923	0.09792284866468842	0.008130081300813009
1	76858300	76858614	3	MTH1	MTH2	0.028871391076115485	0.05255023183925812	0.07027027027027027	0.0565149136577708	0.020119225037257823	0.06329113924050633
1	89467771	89467927	3	MTH1	MTH2	0.08208955223880597	0.02631578947368421	0.014492753623188406	0.0684931506849315	0.005706134094151213	0.027522935779816515
1	93680011	93680047	3	MTH1	MTH2	0.0	0.16363636363636364	0.1875	0.2	0.0	0.18181818181818182
1	100750525	100750570	3	MTH1	MTH2	0.1276595744680851	0.05434782608695652	0.1111111111111111	0.1647940074906367	0.00625	0.057692307692307696
1	100992941	100993500	5	MTH1	MTH2	0.04452054794520548	0.050243111831442464	0.03285420944558522	0.06205673758865248	0.0103463787674314	0.03806734992679356
1	101362807	101362958	3	MTH1	MTH2	0.03361344537815126	0.04487179487179487	0.013071895424836602	0.07526881720430108	0.02177293934681182	0.024875621890547265
1	102853769	102853963	3	MTH1,FCH3	MTH2	0.04424778761061947	0.007407407407407408	0.06097560975609756	0.07815275310834814	0.0031007751937984496	0.02262443438914027
1	102935931	102936173	3	MTH1,MTH2		0.034739454094292806	0.025423728813559324	0.058997050147492625	0.07942238267148015	0.025606469002695417	0.05220883534136546
1	103786734	103786743	3	MTH1	MTH2	0.06666666666666667	0.0625	0.0	0.43037974683544306	0.008264462809917356	0.0
1	105944956	105944990	3	MTH2		0.0	0.0	0.0	0.007462686567164179	0.16447368421052633	0.0
1	108757959	108758231	3	MTH2,MTH1		0.014577259475218658	0.026022304832713755	0.033582089552238806	0.10698198198198199	0.02710843373493976	0.05825242718446602
10	2507585	2507799	3	MTH1	MTH2	0.059233449477351915	0.043478260869565216	0.028	0.08869395711500974	0.012048192771084338	0.08755760368663594
10	6709473	6709496	3	MTH1	MTH2	0.0	0.4444444444444444	0.03225806451612903	0.40816326530612246	0.025477707006369428	0.4
10	13990939	13991061	3	MTH2		0.039735099337748346	0.02564102564102564	0.0051813471502590676	0.054404145077720206	0.07407407407407407	0.05555555555555555
10	14803423	14803812	3	FCH2,MTH1	MTH2	0.02546296296296296	0.05263157894736842	0.017013232514177693	0.05747126436781609	0.026515151515151516	0.026570048309178744
10	14962132	14962440	3	MTH2		0.007017543859649123	0.01615798922800718	0.0108499095840868	0.024848891873740765	0.022481265611990008	0.009111617312072893
10	15530462	15530659	3	MTH2		0.04945054945054945	0.0326530612244898	0.02258064516129032	0.03592814371257485	0.0412796697626419	0.03260869565217391
10	15790006	15790329	3	MTH2		0.0137524557956778	0.0380952380952381	0.01903114186851211	0.02099737532808399	0.028125	0.018072289156626505
10	16095122	16095177	4	MTH2,FCH3		0.015384615384615385	0.049079754601226995	0.1568627450980392	0.0213903743315508	0.17699115044247787	0.0
10	16192939	16193336	4	MTH2	MTH1	0.02849740932642487	0.057096247960848286	0.03367003367003367	0.03717754172989378	0.050833995234312944	0.04239401496259352
10	16656890	16657002	3	MTH2	MTH1	0.024896265560165973	0.04375	0.015267175572519083	0.05930470347648262	0.08498023715415019	0.04
10	17200904	17201097	3	MTH2		0.014084507042253521	0.019455252918287938	0.02185792349726776	0.05493273542600897	0.040787623066104076	0.05641025641025641
10	17238054	17238150	3	MTH2	MTH1	0.008695652173913044	0.02857142857142857	0.010416666666666666	0.029315960912052116	0.08396946564885496	0.038461538461538464
10	17691111	17691298	3	MTH2,FCH3		0.03389830508474576	0.040268456375838924	0.0528169014084507	0.061052631578947365	0.057692307692307696	0.10738255033557047
11	119166	119267	4	MTH1,MTH2		0.15517241379310345	0.0	0.03571428571428571	0.12469437652811736	0.0378619153674833	0.02824858757062147
11	6378364	6378453	3	MTH1	MTH2	0.06140350877192982	0.05813953488372093	0.023529411764705882	0.13829787234042554	0.01440329218106996	0.034482758620689655
11	7882219	7882226	3	MTH1	MTH2	0.0	0.36363636363636365	0.0	0.725	0.022222222222222223	0.25
11	8209541	8209563	3	MTH1	MTH2	0.15384615384615385	0.35	0.0	0.37815126050420167	0.03773584905660377	0.2
11	18621401	18621697	3	MTH1	MTH2	0.06377551020408163	0.03225806451612903	0.033203125	0.08924302788844622	0.019034670292318152	0.049315068493150684
11	18635540	18635733	4	MTH1	MTH2	0.08056872037914692	0.064343163538874	0.023255813953488372	0.0704070407040704	0.014111006585136407	0.04013377926421405
11	19334876	19335158	3	MTH2	MTH1	0.04666666666666667	0.08148148148148149	0.051118210862619806	0.04095826893353941	0.05216752387950037	0.0898876404494382
11	20052315	20052501	3	MTH1	FCH2	0.030042918454935622	0.015151515151515152	0.0	0.06391478029294274	0.015957446808510637	0.03908794788273615
11	20922744	20922800	3	MTH1	MTH2	0.0547945205479452	0.05982905982905983	0.21052631578947367	0.15605095541401273	0.014830508474576272	0.08333333333333333
12	11105697	11105911	3	MTH1	MTH2	0.07722007722007722	0.04962779156327544	0.07142857142857142	0.08	0.024057738572574178	0.05693950177935943
12	15297887	15298010	4	MTH1,MTH2	MTH3	0.0	0.031578947368421054	0.0371900826446281	0.08739837398373984	0.08809891808346214	0.05555555555555555
12	15840109	15840329	4	FCH3	MTH3,MTH1	0.08490566037735849	0.08333333333333333	0.07418397626112759	0.0846262341325811	0.03882476390346275	0.04207920792079208
12	16055617	16055805	3	FCH1,MTH1	MTH2	0.16666666666666666	0.09615384615384616	0.07653061224489796	0.07964601769911504	0.023876404494382022	0.07511737089201878
13	8298848	8299000	3	MTH1	MTH2	0.061855670103092786	0.014388489208633094	0.11428571428571428	0.12302839116719243	0.02878787878787879	0.07407407407407407
13	14956079	14956093	3	MTH1	MTH2	0.11538461538461539	0.09090909090909091	0.0	0.4107142857142857	0.015267175572519083	0.11538461538461539
13	14998734	14998887	3	MTH1	MTH2	0.06578947368421052	0.05263157894736842	0.023076923076923078	0.10615711252653928	0.015822784810126583	0.041666666666666664
13	15020720	15020767	3	MTH1	MTH2	0.017241379310344827	0.08620689655172414	0.1590909090909091	0.19148936170212766	0.006134969325153374	0.09433962264150944
14	3070052	3070124	3	MTH1,MTH2		0.0	0.025	0.010638297872340425	0.07788944723618091	0.03982300884955752	0.012345679012345678
14	3482646	3482659	3	MTH1	MTH2	0.09523809523809523	0.18181818181818182	0.23809523809523808	0.41975308641975306	0.031007751937984496	0.12903225806451613
14	3644891	3644898	3	MTH1	MTH2	0.0	0.25	0.3125	0.575	0.0	0.2857142857142857
14	8344435	8344479	3	MTH1,MTH2		0.09876543209876543	0.1527777777777778	0.09036144578313253	0.215	0.0792838874680307	0.07936507936507936
14	8451405	8451635	3	MTH1	MTH2	0.025210084033613446	0.018315018315018316	0.0211864406779661	0.028397565922920892	0.008869179600886918	0.018518518518518517
14	11290222	11290241	3	MTH1		0.0	0.0	0.1	0.19083969465648856	0.0	0.0
14	14335860	14335902	3	MTH1	MTH2	0.18421052631578946	0.18032786885245902	0.1346153846153846	0.17845117845117844	0.047872340425531915	0.26865671641791045
14	15726391	15726594	3	MTH1	MTH2	0.02040816326530612	0.035555555555555556	0.05952380952380952	0.06337135614702155	0.012470771628994544	0.06666666666666667
15	4616781	4616942	3	MTH1	MTH2	0.06060606060606061	0.07881773399014778	0.014218009478672985	0.11395101171458999	0.021379980563654033	0.07296137339055794
17	1007081	1007191	3	MTH1	MTH2	0.031578947368421054	0.08771929824561403	0.08450704225352113	0.08103975535168195	0.015789473684210527	0.06829268292682927
17	1080936	1081127	3	MTH1	MTH2	0.02	0.02358490566037736	0.03592814371257485	0.04282407407407408	0.006872852233676976	0.04184100418410042
17	1248340	1248584	3	MTH1	MTH2	0.04823151125401929	0.02168021680216802	0.036923076923076927	0.03766816143497758	0.006944444444444444	0.016713091922005572
17	1489233	1489502	4	MTH1	MTH2	0.05789473684210526	0.019736842105263157	0.05652173913043478	0.08227311280746395	0.01102629346904156	0.03355704697986577
18	2131450	2131851	4	MTH2	MTH1	0.04390243902439024	0.05223880597014925	0.047619047619047616	0.0540386803185438	0.027214250371103414	0.03441682600382409
18	2315401	2315651	3	MTH2		0.018648018648018648	0.043343653250773995	0.015306122448979591	0.018691588785046728	0.04767309875141884	0.0326975476839237
18	5013032	5013051	3	MTH2,MTH3		0.0	0.0	0.0	0.08333333333333333	0.3	0.24
18	5456386	5456722	3	MTH1	MTH2	0.034782608695652174	0.013888888888888888	0.017341040462427744	0.03417721518987342	0.00547645125958379	0.04693140794223827
18	10170392	10170525	3	MTH2,MTH1		0.03680981595092025	0.03529411764705882	0.027210884353741496	0.09012131715771231	0.05219206680584551	0.06493506493506493
19	5643195	5643602	3	FCH1,MTH1	MTH2	0.03023758099352052	0.013812154696132596	0.01881720430107527	0.023930753564154784	0.011320754716981131	0.022606382978723406
19	7686392	7686634	3	MTH2		0.012903225806451613	0.022670025188916875	0.008771929824561403	0.011120615911035072	0.03739130434782609	0.0031847133757961785
19	9354500	9354600	3	MTH1,MTH2		0.04419889502762431	0.0392156862745098	0.06329113924050633	0.09022556390977443	0.05010438413361169	0.04568527918781726
1A	1137904	1137915	3	MTH1	MTH2	0.35714285714285715	0.42857142857142855	0.21428571428571427	0.3877551020408163	0.012987012987012988	0.0
1A	1779720	1779904	3	MTH1	MTH2	0.0625	0.035555555555555556	0.047244094488188976	0.08441558441558442	0.006024096385542169	0.02027027027027027
1A	2525280	2525409	3	MTH1	MTH2	0.0	0.0457516339869281	0.04081632653061224	0.058383233532934134	0.00963855421686747	0.046511627906976744
1A	2974287	2974613	3	MTH2	MTH1	0.024096385542168676	0.036827195467422094	0.023923444976076555	0.04252400548696845	0.036385688295936934	0.041176470588235294
1A	3518957	3519371	3	MTH1	MTH2	0.05808080808080808	0.05405405405405406	0.05194805194805195	0.0667172100075815	0.024062278839348902	0.06854838709677419
1A	4498969	4499257	4	MTH1,FCH1	MTH2	0.07246376811594203	0.03389830508474576	0.05508474576271186	0.08300395256916997	0.014099783080260303	0.02857142857142857
1A	10480427	10480739	3	MTH1,MTH2		0.011235955056179775	0.05665024630541872	0.023333333333333334	0.04057971014492753	0.02643171806167401	0.03333333333333333
1A	12717848	12718032	3	MTH1	MTH2	0.00847457627118644	0.05241935483870968	0.08270676691729323	0.12863070539419086	0.015267175572519083	0.07692307692307693
1A	44954022	44954139	3	MTH1	MTH2	0.023255813953488372	0.056768558951965066	0.05223880597014925	0.04819277108433735	0.00903225806451613	0.008849557522123894
1A	58767216	58767374	3	MTH2		0.013452914798206279	0.005376344086021506	0.016597510373443983	0.01687116564417178	0.046994535519125684	0.03431372549019608
1A	58778653	58778916	3	MTH2	MTH1	0.03431372549019608	0.015503875968992248	0.0	0.010466222645099905	0.03488372093023256	0.027439024390243903
1A	59013580	59013801	3	MTH1	MTH2	0.019027484143763214	0.017241379310344827	0.029940119760479042	0.042682926829268296	0.007601935038009675	0.006097560975609756
1A	67985506	67985639	3	MTH1	MTH2	0.021739130434782608	0.05416666666666667	0.03125	0.07902298850574713	0.018306636155606407	0.08139534883720931
1A	71631873	71632193	3	MTH1,FCH1	MTH2	0.05405405405405406	0.019867549668874173	0.013966480446927373	0.04864864864864865	0.02023608768971332	0.03619047619047619
1A	73175381	73175644	3	FCH1,MTH1	MTH2	0.0653950953678474	0.033734939759036145	0.0125	0.0686835650040883	0.025411061285500747	0.025454545454545455
1_random	273211	273556	7	MTH2,FCH3	FCH2,MTH3,MTH1	0.029999472768492644	0.019213516746411485	0.035560588901472255	0.0250526808709904	0.03037353608317676	0.028062601187263895
1_random	273848	274278	14	FCH3,MTH2	FCH2,MTH3,FCH1,MTH1	0.03444246605831293	0.027040632865875585	0.04872216928008317	0.035464725553225426	0.042851766223990534	0.035715051343066004
1_random	846405	846559	3	MTH1	MTH2	0.10648148148148148	0.10377358490566038	0.05172413793103448	0.15782312925170067	0.025200458190148912	0.11764705882352941
2	6594780	6594931	3	MTH1	MTH2	0.0594059405940594	0.045454545454545456	0.02631578947368421	0.07006369426751592	0.013595166163141994	0.0695970695970696
2	6964143	6964187	3	MTH1		0.05555555555555555	0.05714285714285714	0.02127659574468085	0.1778846153846154	0.029197080291970802	0.0
2	8350480	8350512	3	MTH1		0.0	0.06779661016949153	0.0	0.33884297520661155	0.03825136612021858	0.0
2	10685767	10686058	3	FCH1,MTH1	MTH2	0.07468879668049792	0.03007518796992481	0.004761904761904762	0.0823045267489712	0.017977528089887642	0.059322033898305086
2	11791386	11791457	3	MTH1		0.0	0.05263157894736842	0.02631578947368421	0.10436893203883495	0.014792899408284023	0.019230769230769232
2	15321477	15321685	3	MTH1	MTH2	0.057291666666666664	0.02622950819672131	0.061224489795918366	0.08395802098950525	0.0030257186081694403	0.03383458646616541
2	16049713	16049966	3	MTH1,MTH3,MTH2		0.02962962962962963	0.00625	0.022332506203473945	0.04410441044104411	0.024342745861733205	0.07789855072463768
2	18971247	18971288	3	MTH2	MTH1	0.0	0.0	0.0851063829787234	0.0	0.20081967213114754	0.0
2	20049968	20050160	3	MTH2,MTH1		0.04336043360433604	0.05859375	0.0316622691292876	0.0413625304136253	0.04401805869074492	0.02214022140221402
2	23169848	23170150	3	FCH2,MTH3,MTH1	MTH2	0.02356020942408377	0.039886039886039885	0.01607717041800643	0.025691699604743084	0.0071633237822349575	0.02824858757062147
2	24513601	24513967	3	MTH2		0.05581395348837209	0.041666666666666664	0.018666666666666668	0.02440884820747521	0.031696706028589185	0.023255813953488372
2	25465071	25465337	3	MTH2,FCH2	MTH1	0.03	0.03529411764705882	0.06070287539936102	0.023679417122040074	0.028598665395614873	0.024242424242424242
2	29563616	29563642	3	MTH2	MTH1	0.02631578947368421	0.09090909090909091	0.075	0.0	0.2457627118644068	0.2857142857142857
2	32072858	32073086	3	MTH2,FCH2		0.015873015873015872	0.034722222222222224	0.0391304347826087	0.03018867924528302	0.031395348837209305	0.05426356589147287
2	36794153	36794363	3	MTH1,FCH2	MTH2	0.023555555555555555	0.02387670935532885	0.025602409638554216	0.03576248313090418	0.011301939058171746	0.018872736546799287
2	43177857	43178027	3	MTH1	MTH2	0.013888888888888888	0.039285714285714285	0.032679738562091505	0.06631299734748011	0.01973001038421599	0.027777777777777776
2	43305263	43305614	3	MTH2	MTH1	0.015873015873015872	0.017660044150110375	0.019083969465648856	0.01693889897156685	0.03623693379790941	0.011695906432748537
2	44120962	44121002	3	MTH3,MTH2		0.05555555555555555	0.0	0.0	0.043478260869565216	0.32653061224489793	0.23529411764705882
2	44456082	44456194	3	MTH1	MTH2	0.08080808080808081	0.03428571428571429	0.0078125	0.064343163538874	0.013435700575815739	0.09259259259259259
2	44671590	44671858	3	MTH1	MTH2	0.039735099337748346	0.06177606177606178	0.03411513859275053	0.05583756345177665	0.019171779141104295	0.0480225988700565
2	58348523	58348616	3	MTH2		0.07272727272727272	0.04854368932038835	0.023809523809523808	0.04113924050632911	0.06435643564356436	0.06451612903225806
2	58879754	58880158	3	MTH1	MTH2	0.031413612565445025	0.043010752688172046	0.039014373716632446	0.0888529886914378	0.03799873337555415	0.04338842975206612
2	60200552	60200736	3	MTH2	MTH1	0.014388489208633094	0.01744186046511628	0.04504504504504504	0.036036036036036036	0.044921875	0.03184713375796178
2	66265968	66266147	3	MTH1	MTH2	0.08571428571428572	0.058823529411764705	0.03482587064676617	0.08360128617363344	0.010368663594470046	0.022727272727272728
2	66527602	66527786	3	FCH2,MTH1,MTH3	MTH2	0.03614457831325301	0.07692307692307693	0.04678362573099415	0.06744868035190615	0.009269988412514484	0.049079754601226995
2	68235938	68235995	3	MTH1	MTH2	0.014492753623188406	0.027522935779816515	0.1568627450980392	0.14626865671641792	0.02865329512893983	0.029850746268656716
2	71602860	71602906	3	FCH1,MTH1	FCH2	0.2857142857142857	0.022222222222222223	0.19298245614035087	0.27102803738317754	0.11949685534591195	0.12307692307692308
2	71829409	71829421	3	MTH1	MTH2	0.2682926829268293	0.0	0.0	0.5942028985507246	0.014084507042253521	0.05555555555555555
2	79782133	79782343	3	MTH1	MTH2	0.04878048780487805	0.04339250493096647	0.01694915254237288	0.0737073707370737	0.0109375	0.03666666666666667
2	90843824	90844034	3	MTH1	MTH2	0.03333333333333333	0.018832391713747645	0.02032520325203252	0.052562417871222074	0.0030991735537190084	0.02280130293159609
2	94271642	94271959	3	MTH1	MTH2	0.03389830508474576	0.015113350125944584	0.08035714285714286	0.03751233958538993	0.013138686131386862	0.02403846153846154
2	103854141	103854357	3	MTH1	MTH2	0.05063291139240506	0.041353383458646614	0.03225806451612903	0.07866666666666666	0.00911854103343465	0.02287581699346405
2	105093085	105093224	3	MTH1	MTH2	0.12	0.04424778761061947	0.02142857142857143	0.09620253164556962	0.021666666666666667	0.08955223880597014
2	106896235	106896508	3	MTH2	MTH1	0.009009009009009009	0.057750759878419454	0.039660056657223795	0.07613168724279835	0.04247460757156048	0.028169014084507043
2	109383511	109383712	3	MTH2	MTH1	0.030927835051546393	0.05263157894736842	0.0	0.04780876494023904	0.047522750252780584	0.05357142857142857
2	117381000	117381144	3	MTH2	MTH1	0.007575757575757576	0.058823529411764705	0.05660377358490566	0.03240058910162003	0.07036535859269283	0.10227272727272728
2	120717322	120717547	3	MTH1		0.03875968992248062	0.03594771241830065	0.025806451612903226	0.045346062052505964	0.01966041108132261	0.011406844106463879
2	122642173	122642450	3	MTH1	MTH2,FCH2	0.05947955390334572	0.03869047619047619	0.03383458646616541	0.059498956158663886	0.013550135501355014	0.026515151515151516
2	126943083	126943140	3	MTH1	MTH2	0.05	0.05063291139240506	0.03333333333333333	0.15384615384615385	0.008968609865470852	0.06944444444444445
2	129881472	129881801	3	FCH3,MTH1	MTH2	0.07723577235772358	0.00641025641025641	0.0603448275862069	0.04727272727272727	0.009355509355509356	0.03431372549019608
2	131557102	131557198	3	MTH3	MTH1	0.02	0.12650602409638553	0.07246376811594203	0.034031413612565446	0.021021021021021023	0.19090909090909092
2	133318025	133318116	3	MTH1	MTH2	0.11965811965811966	0.06153846153846154	0.1267605633802817	0.16733870967741934	0.047752808988764044	0.1111111111111111
2	143959251	143959482	3	MTH1,MTH3	MTH2	0.05319148936170213	0.04310344827586207	0.03571428571428571	0.05945945945945946	0.01731996353691887	0.05013927576601671
2	146527535	146527777	3	MTH2,MTH1	FCH2	0.05785123966942149	0.041666666666666664	0.06363636363636363	0.08075221238938053	0.07650273224043716	0.1111111111111111
2	149147449	149147620	3	MTH2		0.0446927374301676	0.01707317073170732	0.04807692307692308	0.029535864978902954	0.04865556978233035	0.032679738562091505
2	151967247	151967563	3	MTH1	MTH2	0.015594541910331383	0.00964630225080386	0.008658008658008658	0.0548885077186964	0.017581246670218435	0.05084745762711865
2	152525803	152525858	3	FCH1,MTH1	FCH2	0.10606060606060606	0.0	0.019230769230769232	0.15841584158415842	0.0625	0.0
20	2987656	2987746	4	MTH1	MTH2	0.1	0.109375	0.041176470588235294	0.1770573566084788	0.02748414376321353	0.08962264150943396
20	3016108	3016518	3	MTH2,MTH3	MTH1	0.044673539518900345	0.09610389610389611	0.06178489702517163	0.059030837004405284	0.03984819734345351	0.07101947308132875
20	4928714	4928888	3	MTH1	MTH2	0.07333333333333333	0.013986013986013986	0.0273972602739726	0.09620253164556962	0.015557476231633534	0.10191082802547771
20	5182997	5183172	3	FCH2,MTH1	MTH2	0.039301310043668124	0.05102040816326531	0.0223463687150838	0.07168894289185905	0.021689497716894976	0.045454545454545456
20	5547398	5547461	3	MTH2,MTH1		0.05263157894736842	0.02857142857142857	0.0	0.0944206008583691	0.033816425120772944	0.06097560975609756
20	13055758	13055991	3	MTH2,FCH2,MTH1		0.05737704918032787	0.052256532066508314	0.03611111111111111	0.058260869565217394	0.04251012145748988	0.022277227722772276
21	2894150	2894539	4	MTH1	MTH2	0.04918032786885246	0.04697986577181208	0.07665505226480836	0.08536585365853659	0.0223062381852552	0.12457337883959044
21_random	1598883	1599045	3	MTH1	MTH2	0.027149321266968326	0.031818181818181815	0.031446540880503145	0.06493506493506493	0.012048192771084338	0.0425531914893617
22	2727233	2727463	3	MTH2,FCH2		0.01529051987767584	0.030425963488843813	0.012048192771084338	0.011659192825112108	0.014592933947772658	0.0032258064516129032
23	4907729	4907745	3	MTH1	MTH2	0.2222222222222222	0.2857142857142857	0.25	0.475	0.024096385542168676	0.08333333333333333
24	1562548	1562695	3	MTH1	MTH2	0.06060606060606061	0.02857142857142857	0.02040816326530612	0.04935064935064935	0.003436426116838488	0.014388489208633094
24	2780746	2781081	3	MTH1	MTH2	0.0430622009569378	0.06382978723404255	0.013029315960912053	0.06507731958762887	0.01549529607083564	0.042821158690176324
24	6640363	6640499	3	MTH1	MTH2	0.0898876404494382	0.02459016393442623	0.06077348066298342	0.09388971684053651	0.012844036697247707	0.01694915254237288
24	7174925	7174947	3	MTH1	MTH2	0.30434782608695654	0.36	0.42857142857142855	0.30701754385964913	0.0673076923076923	0.25
26	1965995	1966371	3	MTH1	MTH2	0.07339449541284404	0.06296296296296296	0.012594458438287154	0.05710401087695445	0.015608180839612486	0.025423728813559324
26_random	1089601	1089643	4	MTH1	MTH2	0.12	0.09009009009009009	0.07792207792207792	0.21843003412969283	0.02127659574468085	0.03571428571428571
28	1824740	1824906	4	MTH3,FCH1	MTH2	0.05319148936170213	0.020161290322580645	0.009398496240601503	0.03179650238473768	0.009728978457261988	0.05637982195845697
3	8506911	8507122	3	MTH2		0.02203856749311295	0.03333333333333333	0.008310249307479225	0.005571030640668524	0.03048180924287119	0.0410958904109589
3	12634925	12634953	3	MTH1	MTH2	0.21052631578947367	0.03225806451612903	0.0	0.25	0.0	0.14285714285714285
3	20350704	20350755	4	MTH1	MTH2	0.05128205128205128	0.058333333333333334	0.022058823529411766	0.1608832807570978	0.007712082262210797	0.0
3	21515480	21515817	3	MTH1	MTH2	0.09797297297297297	0.03896103896103896	0.09523809523809523	0.09646302250803858	0.019776440240756664	0.05128205128205128
3	24414228	24414495	3	MTH1	MTH2	0.0778816199376947	0.0273972602739726	0.05698005698005698	0.06799336650082918	0.01569713758079409	0.05128205128205128
3	25865835	25865977	3	MTH3,MTH1	MTH2	0.02877697841726619	0.011764705882352941	0.0	0.04285714285714286	0.009316770186335404	0.06493506493506493
3	26849252	26849459	3	MTH1	MTH2	0.08387096774193549	0.05241935483870968	0.038135593220338986	0.13666666666666666	0.021181716833890748	0.09556313993174062
3	29365799	29366117	3	MTH3,MTH2	MTH1	0.0	0.03300970873786408	0.018867924528301886	0.014799154334038054	0.0170316301703163	0.018050541516245487
3	29566042	29566147	3	MTH2,MTH1	FCH2	0.016574585635359115	0.0	0.03164556962025317	0.05	0.04639175257731959	0.035211267605633804
3	29680712	29681044	3	MTH1	MTH2	0.020833333333333332	0.040145985401459854	0.010869565217391304	0.05724137931034483	0.012004175365344467	0.03597122302158273
3	33243639	33243760	3	MTH1		0.035856573705179286	0.08444444444444445	0.007692307692307693	0.11858407079646018	0.03400309119010819	0.05339805825242718
3	41624250	41624322	3	MTH1	MTH2	0.06666666666666667	0.0625	0.18181818181818182	0.16569767441860464	0.0	0.06172839506172839
3	42609528	42609571	4	MTH1	MTH2	0.2361111111111111	0.1016949152542373	0.08333333333333333	0.1568627450980392	0.012448132780082987	0.07042253521126761
3	42813326	42813493	3	MTH2,FCH2		0.010273972602739725	0.05423728813559322	0.010582010582010581	0.01746031746031746	0.04436450839328537	0.017341040462427744
3	45379512	45379717	3	MTH1,FCH2,MTH2		0.006329113924050633	0.08614232209737828	0.018072289156626505	0.05532503457814661	0.023310023310023312	0.02127659574468085
3	51223972	51224023	3	MTH2,MTH1		0.07058823529411765	0.045454545454545456	0.019230769230769232	0.11065573770491803	0.054838709677419356	0.018518518518518517
3	55730405	55730453	3	FCH3,FCH2		0.025	0.09333333333333334	0.10948905109489052	0.03571428571428571	0.010752688172043012	0.05
3	57298170	57298343	3	FCH2	MTH2	0.047619047619047616	0.13087248322147652	0.08196721311475409	0.05872756933115824	0.011444921316165951	0.01932367149758454
3	57305218	57305646	3	MTH1	MTH2	0.05093833780160858	0.05222734254992319	0.03146853146853147	0.056768558951965066	0.03185063152114223	0.06578947368421052
3	57778349	57778520	3	MTH1	MTH2	0.03937007874015748	0.05	0.013937282229965157	0.07476635514018691	0.013563501849568433	0.06477732793522267
3	58366669	58366720	3	MTH1		0.2222222222222222	0.12	0.045454545454545456	0.1935483870967742	0.0182648401826484	0.011904761904761904
3	59609072	59609284	4	MTH1	MTH2	0.05187319884726225	0.015151515151515152	0.022222222222222223	0.059602649006622516	0.012048192771084338	0.037267080745341616
3	64055697	64055828	3	MTH1,FCH2	MTH2	0.02054794520547945	0.035175879396984924	0.020618556701030927	0.039647577092511016	0.0	0.01904761904761905
3	64267752	64267965	3	MTH1,FCH2	MTH2	0.02727272727272727	0.07088607594936709	0.041044776119402986	0.038620689655172416	0.022068965517241378	0.006622516556291391
3	65944702	65945013	3	MTH1	MTH2	0.03691275167785235	0.020588235294117647	0.0200445434298441	0.045548654244306416	0.019175455417066157	0.03202846975088968
3	67991888	67992161	3	FCH2,MTH1	MTH2	0.038461538461538464	0.025089605734767026	0.01060070671378092	0.023591087811271297	0.001774622892635315	0.012875536480686695
3	68403613	68403854	3	FCH3,MTH1	MTH2	0.023696682464454975	0.0670391061452514	0.03546099290780142	0.053763440860215055	0.008637236084452975	0.017094017094017096
3	71161627	71161644	3	MTH1	MTH2	0.47058823529411764	0.25	0.05555555555555555	0.5	0.03488372093023256	0.28
3	71210659	71210992	3	MTH1	MTH2	0.03219315895372234	0.046753246753246755	0.017985611510791366	0.07525213343677269	0.012171684817424727	0.03211009174311927
3	73637133	73637299	3	MTH1	MTH2	0.12	0.11180124223602485	0.09836065573770492	0.11503267973856209	0.02225130890052356	0.04371584699453552
3	76377831	76377835	3	MTH1		0.0	0.0	0.6666666666666666	0.9666666666666667	0.16129032258064516	0.0
3	78791559	78791770	3	FCH3,MTH1	MTH2	0.04895104895104895	0.05958549222797927	0.04838709677419355	0.04161248374512354	0.013714285714285714	0.03496503496503497
3	80153501	80153750	3	MTH2,MTH1		0.023809523809523808	0.019332161687170474	0.012944983818770227	0.021834061135371178	0.033210332103321034	0.005681818181818182
3	81547966	81548112	3	MTH1	MTH2	0.06666666666666667	0.03125	0.043478260869565216	0.06072874493927125	0.004761904761904762	0.03870967741935484
3	83061756	83061998	3	MTH1	MTH2	0.16279069767441862	0.10576923076923077	0.039473684210526314	0.06531531531531531	0.01652089407191448	0.06190476190476191
3	89033477	89033880	4	MTH2,MTH1,FCH2		0.035483870967741936	0.06074766355140187	0.039045553145336226	0.06543624161073826	0.032407407407407406	0.06695464362850972
3	96070285	96070531	3	MTH1	MTH2	0.041401273885350316	0.04666666666666667	0.05944055944055944	0.078125	0.00631578947368421	0.011574074074074073
3	99102100	99102227	3	MTH2,MTH1		0.013157894736842105	0.0273972602739726	0.0	0.03015075376884422	0.03715170278637771	0.012658227848101266
3	100514560	100514592	3	MTH1,FCH2	MTH2	0.11904761904761904	0.22784810126582278	0.03125	0.19626168224299065	0.017045454545454544	0.08108108108108109
3	104665418	104665686	6	MTH1	MTH2	0.07492795389048991	0.043795620437956206	0.010899182561307902	0.08216783216783216	0.01056338028169014	0.05938242280285035
3	104764760	104765115	3	MTH1	MTH2	0.031315240083507306	0.030612244897959183	0.01652892561983471	0.042487684729064036	0.00847457627118644	0.03442340791738382
3	105238189	105238575	3	MTH1	MTH2	0.016203703703703703	0.04208416833667335	0.03248259860788863	0.05383936451897617	0.012162162162162163	0.03125
3	105653427	105653775	3	MTH1	MTH2	0.02074688796680498	0.04046242774566474	0.015748031496062992	0.043859649122807015	0.007588532883642495	0.012048192771084338
3	106279323	106279640	3	MTH1	MTH2	0.058823529411764705	0.04358974358974359	0.07086614173228346	0.10464058234758872	0.026236125126135216	0.058394160583941604
3	106382460	106382871	3	MTH1	MTH2	0.02576112412177986	0.0166358595194085	0.050970873786407765	0.03733121525019857	0.01021021021021021	0.009966777408637873
3	106572034	106572238	3	MTH1	MTH2	0.07142857142857142	0.08454810495626822	0.07339449541284404	0.08603491271820449	0.02127659574468085	0.06923076923076923
3	106811008	106811336	3	MTH1,FCH1	MTH2	0.0611353711790393	0.04180064308681672	0.01808785529715762	0.059233449477351915	0.0118137595552467	0.06042884990253411
3	107170051	107170462	3	MTH1,FCH3	MTH2	0.020356234096692113	0.02717391304347826	0.015590200445434299	0.030801911842804036	0.01662971175166297	0.02012072434607646
3	107454361	107454573	3	MTH1	MTH2	0.03398058252427184	0.027972027972027972	0.009523809523809525	0.04806201550387597	0.006379585326953748	0.033942558746736295
3	107520464	107520799	3	FCH2,MTH1	MTH2	0.05327868852459016	0.08056872037914692	0.0491283676703645	0.058091286307053944	0.023350846468184472	0.044444444444444446
3	107718975	107719225	3	MTH1	MTH2	0.047619047619047616	0.0313588850174216	0.0049504950495049506	0.04672897196261682	0.0050916496945010185	0.03237410071942446
3	108010732	108010953	3	MTH1	MTH2	0.06179775280898876	0.059322033898305086	0.013333333333333334	0.050488599348534204	0.007142857142857143	0.03365384615384615
3	108190666	108190895	3	MTH1	MTH2	0.06474820143884892	0.004098360655737705	0.01634877384196185	0.05398110661268556	0.01662049861495845	0.04093567251461988
3	108565019	108565308	3	FCH1,MTH1	MTH2	0.04	0.04195804195804196	0.006896551724137931	0.06550218340611354	0.025193798449612403	0.05504587155963303
3	108738579	108738725	3	MTH1	MTH2	0.04	0.04790419161676647	0.04090909090909091	0.10526315789473684	0.03602305475504323	0.019762845849802372
3	108784972	108785145	4	MTH1	MTH2	0.06923076923076923	0.13286713286713286	0.05701754385964912	0.1260815822002472	0.029887920298879204	0.06542056074766354
3	109268341	109268600	3	MTH1	MTH2	0.0125	0.019646365422396856	0.014705882352941176	0.05058717253839205	0.011673151750972763	0.022058823529411766
3	109386283	109386675	3	MTH1	MTH2	0.033932135728542916	0.04862236628849271	0.028747433264887063	0.049906425452276984	0.012987012987012988	0.04133858267716536
3	109602976	109603105	3	MTH2	MTH1	0.0	0.0	0.03205128205128205	0.015151515151515152	0.09023941068139964	0.03669724770642202
3	110413662	110413985	3	MTH1	MTH2	0.03582089552238806	0.021885521885521887	0.02147239263803681	0.04229607250755287	0.010578718108276292	0.012232415902140673
3	110497583	110497798	3	MTH1	MTH2	0.04477611940298507	0.08287292817679558	0.05371900826446281	0.09494949494949495	0.010273972602739725	0.04132231404958678
3	110588546	110588597	3	MTH1	MTH2	0.1504424778761062	0.012658227848101266	0.07792207792207792	0.1308411214953271	0.010638297872340425	0.12698412698412698
3	110789041	110789242	3	MTH1,FCH2		0.068	0.042483660130718956	0.02977667493796526	0.0782608695652174	0.01568627450980392	0.03475513428120063
3_random	772925	773046	3	FCH2,FCH3,MTH1	MTH2	0.00931222562192364	0.008137741990748673	0.008721597429423916	0.008605658360987683	0.002585385766770989	0.008059873344847437
3_random	829993	830326	3	MTH1	MTH2	0.002229470294372652	0.0026732011583871684	0.002946127946127946	0.0030393360219767374	0.0017051069693637514	0.003197108701695858
3_random	898620	898901	10	MTH3,MTH1,FCH1,FCH2	MTH2	0.01706910907577019	0.01669218989280245	0.012109375	0.016246094688776736	0.0037415089541937593	0.010749185667752443
3_random	899013	899300	9	FCH1,MTH1,FCH3,FCH2,MTH3	MTH2	0.010775862068965518	0.011909766008126665	0.013000342114266164	0.012282268870031265	0.0034155735620071946	0.013888888888888888
3_random	899614	899743	3	MTH1,FCH2	MTH2	0.009915014164305949	0.0097442143727162	0.01282051282051282	0.007970929551049114	0.0028877391408976055	0.005405405405405406
3_random	900478	901009	6	MTH1,FCH1,FCH2	MTH2	0.006858370517269873	0.007045469371778981	0.006459784673844205	0.006549368839702576	0.0025102553113328843	0.005953289574110823
3_random	970761	971008	3	MTH2,MTH3		0.012953367875647668	0.0	0.01893939393939394	0.0162748643761302	0.014018691588785047	0.049773755656108594
4	584532	584966	3	MTH1	MTH2	0.02710027100271003	0.0488771466314399	0.049523809523809526	0.054450757575757576	0.016741071428571428	0.046798029556650245
4	1010022	1010267	3	MTH1,FCH2	MTH2	0.008130081300813009	0.06486486486486487	0.027439024390243903	0.03497942386831276	0.010644959298685034	0.03686635944700461
4	1515364	1515541	3	MTH1	MTH2	0.02358490566037736	0.06074766355140187	0.028925619834710745	0.09608540925266904	0.011066398390342052	0.045454545454545456
4	3079447	3079793	3	FCH2,MTH3,MTH2		0.018912529550827423	0.0664451827242525	0.014534883720930232	0.06614077669902912	0.03922683342808414	0.0599250936329588
4	3576003	3576066	3	MTH1	MTH2	0.0	0.0684931506849315	0.11235955056179775	0.18840579710144928	0.02722323049001815	0.04395604395604396
4	6428521	6428745	3	MTH2	MTH1	0.0392156862745098	0.022988505747126436	0.030303030303030304	0.02074235807860262	0.029097963142580018	0.03731343283582089
4	6568779	6568901	3	MTH2	MTH1	0.027777777777777776	0.08074534161490683	0.014084507042253521	0.0379746835443038	0.033112582781456956	0.04854368932038835
4	7393470	7393939	3	MTH1	MTH2	0.03893805309734513	0.08181818181818182	0.08684863523573201	0.06790481717933837	0.02806122448979592	0.03536977491961415
4	11059889	11060115	3	MTH2,MTH1		0.0513595166163142	0.05228758169934641	0.034934497816593885	0.06802721088435375	0.026252983293556086	0.03773584905660377
4	11481481	11481787	3	MTH1,MTH3	MTH2	0.02072538860103627	0.030612244897959183	0.023668639053254437	0.05065123010130246	0.01095290251916758	0.04950495049504951
4	19481755	19481936	3	MTH1,MTH2		0.0070921985815602835	0.015789473684210527	0.01891891891891892	0.07702349869451697	0.034482758620689655	0.011299435028248588
4	27817949	27818336	3	MTH1	MTH2	0.029082774049217	0.02708803611738149	0.022556390977443608	0.04937458854509546	0.011752136752136752	0.05180533751962323
4	31663242	31663408	3	MTH1	MTH2	0.028089887640449437	0.03056768558951965	0.05102040816326531	0.04938271604938271	0.009554140127388535	0.035
4	39404679	39404947	3	MTH1,MTH2		0.04819277108433735	0.017045454545454544	0.019672131147540985	0.03531438415159346	0.021709633649932156	0.023404255319148935
4	43814837	43815285	5	MTH1	MTH2	0.03112033195020747	0.05460750853242321	0.03364485981308411	0.06956092747903306	0.01628171147292692	0.04648241206030151
4	67377387	67377655	3	MTH1	MTH2,MTH3	0.03594771241830065	0.024096385542168676	0.03468208092485549	0.047747747747747746	0.0111731843575419	0.023923444976076555
4A	9154719	9154879	3	MTH2,MTH1		0.023255813953488372	0.03723404255319149	0.06666666666666667	0.08587786259541985	0.05253623188405797	0.06756756756756757
4A	11672258	11672622	3	MTH2,MTH1		0.013089005235602094	0.018731988472622477	0.01293103448275862	0.015598885793871866	0.01906318082788671	0.011428571428571429
4A	15251671	15251999	3	MTH1	MTH2	0.049019607843137254	0.052132701421800945	0.0326530612244898	0.076	0.014094432699083862	0.02030456852791878
4A	18398867	18399093	3	MTH1	MTH2	0.01935483870967742	0.05993690851735016	0.037037037037037035	0.062100456621004566	0.004761904761904762	0.02535211267605634
4A	18920284	18920498	3	MTH1	MTH2	0.07352941176470588	0.1320754716981132	0.0958904109589041	0.15060240963855423	0.019197207678883072	0.12110726643598616
5	7517560	7517964	3	MTH1	MTH2	0.03508771929824561	0.04027617951668585	0.03006012024048096	0.029320987654320986	0.012682926829268294	0.01824817518248175
5	7629527	7629863	3	MTH1		0.011673151750972763	0.012711864406779662	0.009345794392523364	0.034375	0.004794885455514118	0.024930747922437674
5	7644710	7644891	3	FCH3,MTH1	MTH2	0.0111731843575419	0.0	0.037037037037037035	0.0364963503649635	0.0018587360594795538	0.014778325123152709
5	8500386	8500448	4	MTH1	MTH2	0.1504424778761062	0.18487394957983194	0.08888888888888889	0.25	0.013986013986013986	0.10344827586206896
5	9541018	9541222	3	FCH1,MTH1	MTH2	0.04816955684007707	0.02416918429003021	0.03723404255319149	0.05515587529976019	0.015755329008341055	0.06722689075630252
5	10186304	10186748	3	MTH2		0.005952380952380952	0.0456989247311828	0.030534351145038167	0.02408563782337199	0.03956043956043956	0.02586206896551724
5	11144312	11144462	3	MTH2	FCH2,FCH3	0.019867549668874173	0.009259259259259259	0.009216589861751152	0.02511415525114155	0.07456140350877193	0.02097902097902098
5	11484845	11485117	3	MTH2,MTH1		0.026881720430107527	0.003125	0.0	0.015319148936170212	0.0225140712945591	0.020512820512820513
5	11507584	11507760	3	MTH2	FCH2,FCH3	0.03496503496503497	0.009868421052631578	0.013071895424836602	0.036741214057507986	0.033236994219653176	0.04819277108433735
5	11810762	11810977	3	MTH2		0.015	0.09505703422053231	0.07623318385650224	0.05666316894018888	0.059113300492610835	0.033942558746736295
5	12031999	12032242	3	MTH1,MTH2	FCH2	0.03314917127071823	0.0035971223021582736	0.0040650406504065045	0.04368471035137702	0.024608501118568233	0.017543859649122806
5	12161398	12161640	3	MTH2,MTH1		0.018276762402088774	0.007556675062972292	0.005050505050505051	0.028712871287128714	0.028935185185185185	0.0021598272138228943
5	13497601	13497874	3	MTH1,FCH2,FCH3	MTH3	0.03125	0.0665024630541872	0.045845272206303724	0.0947867298578199	0.032729805013927575	0.04970178926441352
5	13509998	13510403	4	MTH1,MTH2	FCH3	0.039755351681957186	0.07641921397379912	0.03486750348675035	0.10830090791180286	0.03607427055702918	0.09142857142857143
5	17771640	17771734	3	MTH1	MTH2	0.014492753623188406	0.05154639175257732	0.027777777777777776	0.14326647564469913	0.005221932114882507	0.06493506493506493
5	18893732	18893857	3	MTH1	MTH2	0.11258278145695365	0.031578947368421054	0.06716417910447761	0.08968609865470852	0.0	0.043010752688172046
5	20286552	20286733	3	FCH2,MTH2,MTH1		0.033112582781456956	0.03184713375796178	0.0423728813559322	0.07294117647058823	0.01945945945945946	0.025157232704402517
5	20348318	20348637	3	MTH2,MTH3	MTH1	0.03070175438596491	0.03372681281618887	0.02197802197802198	0.03594771241830065	0.02276176024279211	0.044326241134751775
5	20807376	20807493	3	MTH1	MTH2	0.07272727272727272	0.055762081784386616	0.07453416149068323	0.0995260663507109	0.015514809590973202	0.0625
5	37157132	37157406	3	MTH2,MTH3,MTH1		0.0070921985815602835	0.03592814371257485	0.026706231454005934	0.031914893617021274	0.02702702702702703	0.04281345565749235
5	37905134	37905485	3	FCH2,MTH1	MTH2	0.05321507760532151	0.10422163588390501	0.03611111111111111	0.09107249850209706	0.017201834862385322	0.12098765432098765
5	56357700	56357712	3	MTH1,MTH3	MTH2	0.36	0.275	0.0	0.43548387096774194	0.011904761904761904	0.4
5	56382529	56382888	3	MTH1	MTH2	0.0121580547112462	0.027450980392156862	0.0243161094224924	0.07664233576642336	0.0166256157635468	0.013377926421404682
5	57245983	57246302	7	MTH1,MTH3,FCH1,FCH2	MTH2	0.016660820764643983	0.01378174568778712	0.012838147638697846	0.013881253435953821	0.008559627542979294	0.01607084289931125
5	57251873	57252173	5	FCH2,MTH1,MTH3	MTH2	0.006605789780454634	0.006628787878787879	0.005700570057005701	0.005723542116630669	0.002047147049914876	0.009575353871773521
5	57252503	57252577	3	MTH1,MTH3	MTH2	0.012219959266802444	0.010273972602739725	0.03308823529411765	0.020639147802929428	0.002262784733745663	0.03459119496855346
5	57550504	57550606	5	FCH2,MTH1	MTH2	0.0149812734082397	0.04962779156327544	0.021505376344086023	0.05400192864030858	0.004014504014504015	0.05714285714285714
5	57550647	57551895	41	MTH1,MTH3,FCH1,FCH2,FCH3	MTH2	0.02548055431381314	0.03273073263558516	0.019849146486701073	0.03385468224114037	0.0038641920872249168	0.024021962937542895
5	57552192	57554693	77	FCH2,MTH1,FCH3,MTH3,FCH1	MTH2	0.02157207665956856	0.022618595825426944	0.018316753513342807	0.02755601339170744	0.0028508479102683938	0.020669422589678625
5	60608369	60608660	3	MTH1,MTH2		0.022935779816513763	0.005277044854881266	0.011428571428571429	0.014184397163120567	0.023936170212765957	0.002564102564102564
5_random	1487756	1487904	3	MTH1	MTH2	0.03954802259887006	0.02359882005899705	0.029411764705882353	0.048818897637795275	0.00684931506849315	0.0425531914893617
6	462708	462962	3	MTH1		0.046153846153846156	0.04262295081967213	0.018656716417910446	0.04342723004694836	0.011507479861910242	0.03272727272727273
6	548737	548948	4	FCH1,MTH1	MTH2	0.057971014492753624	0.031746031746031744	0.017241379310344827	0.0680786686838124	0.012895662368112544	0.008982035928143712
6	692128	692439	3	MTH1	MTH2	0.02330097087378641	0.032667876588021776	0.0	0.04830053667262969	0.006195786864931847	0.033707865168539325
6	1159691	1160067	3	MTH1	MTH2	0.04317789291882556	0.02214022140221402	0.033663366336633666	0.042019654354456114	0.008659079663532904	0.03008298755186722
6	2001663	2002011	4	MTH1		0.009389671361502348	0.006437768240343348	0.015915119363395226	0.07613868116927261	0.01569506726457399	0.04148148148148148
6	10929994	10930246	3	FCH2,MTH1	MTH2	0.014492753623188406	0.041884816753926704	0.037142857142857144	0.040515653775322284	0.010101010101010102	0.06074766355140187
6	12718928	12718941	3	MTH2		0.0	0.0	0.0	0.014492753623188406	0.44285714285714284	0.07142857142857142
6	17265347	17265546	3	FCH3,MTH2		0.015748031496062992	0.0	0.026615969581749048	0.017167381974248927	0.02610966057441253	0.024509803921568627
6	20415185	20415344	3	MTH2		0.0	0.018315018315018316	0.024	0.015985790408525755	0.05873925501432665	0.03461538461538462
6	22355810	22355995	3	MTH1	MTH2	0.03592814371257485	0.01509433962264151	0.035	0.06417112299465241	0.01235657546337158	0.008264462809917356
6	25219862	25220066	3	MTH2		0.02040816326530612	0.012552301255230125	0.009523809523809525	0.020253164556962026	0.040137614678899085	0.017543859649122806
7	519987	520210	3	FCH2,MTH1	MTH2	0.06031746031746032	0.12668463611859837	0.05058365758754864	0.08771929824561403	0.03394762366634336	0.08505747126436781
7	1627377	1627459	3	MTH1	MTH2	0.08450704225352113	0.0	0.04285714285714286	0.0570902394106814	0.0	0.045871559633027525
7	3373463	3373534	3	MTH1,MTH3	MTH2	0.045871559633027525	0.06153846153846154	0.0449438202247191	0.0755287009063444	0.014749262536873156	0.08695652173913043
7	4341363	4341578	3	MTH1	MTH2	0.021505376344086023	0.003401360544217687	0.07849829351535836	0.05073649754500818	0.006928406466512702	0.0375
7	5303163	5303288	3	MTH2	MTH1	0.017391304347826087	0.054187192118226604	0.024509803921568627	0.05564648117839607	0.07093425605536333	0.05660377358490566
7	5533960	5534255	3	MTH2		0.03413654618473896	0.03355704697986577	0.007692307692307693	0.04524361948955916	0.0326530612244898	0.03125
7	7860562	7860620	3	MTH1	MTH2	0.08024691358024691	0.05357142857142857	0.039473684210526314	0.15702479338842976	0.008426966292134831	0.05825242718446602
7	9502378	9502665	3	MTH1	MTH2	0.035623409669211195	0.042	0.021604938271604937	0.07092198581560284	0.014762516046213094	0.06331877729257641
7	11762378	11762479	3	MTH1,FCH1	MTH2	0.11842105263157894	0.02564102564102564	0.0625	0.13636363636363635	0.02336448598130841	0.0784313725490196
7	12693749	12693938	3	MTH2		0.02242152466367713	0.011560693641618497	0.02252252252252252	0.026041666666666668	0.03787878787878788	0.03260869565217391
7	15353443	15353683	3	MTH2		0.03115264797507788	0.015015015015015015	0.026058631921824105	0.012465373961218837	0.041530944625407164	0.02268760907504363
7	15583439	15583734	3	MTH2		0.013043478260869565	0.009685230024213076	0.0048543689320388345	0.016910935738444193	0.054502369668246446	0.03208556149732621
7	15730402	15730525	3	FCH1,MTH1,MTH2		0.029288702928870293	0.010810810810810811	0.017094017094017096	0.0741444866920152	0.059870550161812294	0.033112582781456956
7	18532186	18532315	3	MTH1,FCH1	MTH2	0.12380952380952381	0.09722222222222222	0.078125	0.10787172011661808	0.0231023102310231	0.055865921787709494
7	19546419	19546613	3	MTH1	MTH2	0.0891089108910891	0.06172839506172839	0.11363636363636363	0.075	0.011764705882352941	0.05235602094240838
7	19760533	19760708	3	MTH1		0.041237113402061855	0.0	0.0	0.03739837398373984	0.0024813895781637717	0.010676156583629894
7	22992962	22993030	3	MTH1	MTH2	0.037037037037037035	0.09523809523809523	0.025	0.1640625	0.014423076923076924	0.047619047619047616
7	32073453	32073527	3	MTH1		0.0	0.06666666666666667	0.045454545454545456	0.14619883040935672	0.013123359580052493	0.008130081300813009
8	2306365	2306522	3	MTH1,FCH1	MTH2	0.08376963350785341	0.014184397163120567	0.010256410256410256	0.08157099697885196	0.010973936899862825	0.021052631578947368
8	2883671	2883720	3	MTH1		0.06060606060606061	0.0	0.021505376344086023	0.12631578947368421	0.012295081967213115	0.07575757575757576
8	4155613	4155814	3	MTH1		0.05747126436781609	0.05698005698005698	0.046632124352331605	0.10445205479452055	0.030939226519337018	0.06884057971014493
8	4558203	4558321	3	MTH1	MTH2	0.07758620689655173	0.06666666666666667	0.043010752688172046	0.13123359580052493	0.053497942386831275	0.04013377926421405
8	4559510	4559517	3	MTH1	MTH2	0.25	0.2	0.125	0.44	0.030612244897959183	0.28
8	4622380	4622658	3	MTH1,MTH2		0.012048192771084338	0.04827586206896552	0.02	0.08463949843260188	0.04233409610983982	0.023728813559322035
8	4736852	4737058	3	FCH2,MTH1	MTH2	0.03597122302158273	0.0660377358490566	0.07547169811320754	0.08732394366197183	0.023255813953488372	0.027450980392156862
8	6098817	6099274	5	MTH1,FCH3	MTH2	0.042492917847025496	0.03215434083601286	0.034129692832764506	0.054558506819813356	0.019569471624266144	0.03125
8	7342020	7342219	3	MTH1	MTH2	0.1111111111111111	0.033003300330033	0.03125	0.0678191489361702	0.016374269005847954	0.0425531914893617
8	7530563	7530950	3	MTH1	MTH2	0.0392156862745098	0.06	0.031914893617021274	0.06152433425160698	0.013953488372093023	0.047619047619047616
8	7710558	7710709	3	MTH2,FCH3	MTH1	0.009433962264150943	0.052	0.06756756756756757	0.020754716981132074	0.05660377358490566	0.0975609756097561
8	8649757	8649884	3	MTH1		0.1388888888888889	0.013215859030837005	0.0	0.09422492401215805	0.027823240589198037	0.005291005291005291
8	10529044	10529120	3	MTH2	MTH1	0.0	0.02358490566037736	0.0	0.009823182711198428	0.08284023668639054	0.0
8	11098900	11099202	3	MTH2	MTH1	0.01984126984126984	0.01893939393939394	0.01312910284463895	0.010771992818671455	0.04310344827586207	0.02054794520547945
8	12915387	12915658	3	MTH1	MTH2	0.046831955922865015	0.0291005291005291	0.022222222222222223	0.04864359214218896	0.0035460992907801418	0.04152249134948097
8	13173341	13173482	3	MTH1	MTH2	0.02727272727272727	0.02142857142857143	0.015267175572519083	0.05026455026455026	0.002976190476190476	0.02617801047120419
8	13204594	13204877	3	MTH1	MTH2	0.05470459518599562	0.033663366336633666	0.030303030303030304	0.05896805896805897	0.017632241813602016	0.013513513513513514
8	14185967	14186353	4	MTH1		0.04056795131845842	0.0653061224489796	0.034912718204488775	0.08812949640287769	0.030687124749833223	0.035629453681710214
8	15254453	15254633	3	MTH1	MTH2	0.09053497942386832	0.0425531914893617	0.038834951456310676	0.07380073800738007	0.01592920353982301	0.03676470588235294
8	15342820	15343306	4	MTH1,FCH1		0.09225092250922509	0.022321428571428572	0.022590361445783132	0.07069913589945012	0.01638176638176638	0.057291666666666664
8	15575793	15575984	3	MTH1	MTH2	0.05333333333333334	0.018115942028985508	0.023391812865497075	0.060362173038229376	0.010332950631458095	0.012422360248447204
8	16927797	16927981	3	MTH1	MTH2	0.014388489208633094	0.0038022813688212928	0.0	0.036597428288822946	0.0028116213683223993	0.0
8	17799729	17800124	3	MTH1		0.02195121951219512	0.0248565965583174	0.0321285140562249	0.038335158817086525	0.01586433260393873	0.024667931688804556
8	18060995	18061258	3	MTH1	MTH2	0.07042253521126761	0.003703703703703704	0.03896103896103896	0.040840140023337225	0.013874066168623266	0.015151515151515152
8	18968525	18968596	3	MTH1	MTH2	0.12	0.11	0.0	0.15492957746478872	0.013245033112582781	0.1
8	19899699	19899878	3	FCH2,MTH1	MTH2	0.07633587786259542	0.07441860465116279	0.04057971014492753	0.058823529411764705	0.00849514563106796	0.00909090909090909
8	20099098	20099303	4	MTH1	MTH2	0.08504398826979472	0.047619047619047616	0.019230769230769232	0.08032128514056225	0.014936519790888723	0.0664451827242525
8	21160093	21160382	3	MTH1	MTH2	0.06349206349206349	0.09397590361445783	0.10540540540540541	0.09090909090909091	0.016381236038719285	0.03713527851458886
8	25031399	25031664	3	MTH1	MTH2	0.05426356589147287	0.023529411764705882	0.03816793893129771	0.07051909892262488	0.013914656771799629	0.011834319526627219
8_random	177058	177255	3	MTH1	MTH2	0.037037037037037035	0.06367041198501873	0.026845637583892617	0.11406844106463879	0.01845018450184502	0.03859649122807018
8_random	1451462	1451831	3	MTH1	MTH2	0.029239766081871343	0.006269592476489028	0.0274869109947644	0.03304843304843305	0.012543903662819869	0.029310344827586206
8_random	1527401	1527609	3	MTH1,MTH2		0.03463203463203463	0.056022408963585436	0.035398230088495575	0.04822834645669291	0.030895983522142123	0.037333333333333336
9	5405725	5405836	3	MTH1,FCH1	MTH2	0.052980132450331126	0.029069767441860465	0.015873015873015872	0.06382978723404255	0.00744047619047619	0.04819277108433735
9	9360333	9360461	3	MTH1	MTH2	0.0427807486631016	0.07142857142857142	0.033003300330033	0.08188585607940446	0.015873015873015872	0.08264462809917356
9	14503026	14503337	4	MTH1	MTH2	0.0319634703196347	0.09943181818181818	0.059001512859304085	0.06598114824335904	0.02319842053307009	0.06622516556291391
9	20353906	20353915	3	MTH1		0.0	0.0	0.0	0.3924050632911392	0.0	0.0
9	24095268	24095417	3	MTH1,FCH3	MTH2	0.08547008547008547	0.03167420814479638	0.052830188679245285	0.0865265760197775	0.026221692491060787	0.06167400881057269
9	26423422	26423607	4	MTH1	MTH2	0.13432835820895522	0.034722222222222224	0.02564102564102564	0.11003236245954692	0.009155645981688708	0.04712041884816754
Un	16794886	16795307	5	FCH1,FCH2,FCH3,MTH1,MTH3	MTH2	0.02975909305621162	0.01722767028889478	0.03556485355648536	0.019837014797340766	0.016424728453964064	0.02207977207977208
Un	17097398	17097637	4	FCH2,MTH1,FCH1	MTH2	0.0177892145893936	0.0157544986186814	0.013078149920255184	0.01284940630360927	0.00941994947250822	0.013779527559055118
Un	49401792	49402642	9	MTH1,FCH1,FCH2,FCH3,MTH3	MTH2	0.010939438366978685	0.01074924819246273	0.008807779030439684	0.0103933367048891	0.0049661332118559895	0.0117827868852459
Un	64080538	64080825	3	MTH1,FCH1	MTH2	0.013043478260869565	0.009647118558009647	0.012740444666500124	0.01574555188159345	0.0051469011366073346	0.00784313725490196
Un	71629906	71630024	3	FCH2,MTH1,FCH1,MTH3	MTH2	0.01252482052848633	0.012753897024090695	0.01194267515923567	0.01090562440419447	0.005621471629509138	0.012655024044545684
Un	73262686	73262936	7	MTH1,MTH3,FCH1,FCH2	MTH2	0.014193399492268636	0.011269549218031279	0.011773229487411701	0.01187927343048553	0.0032351050372244456	0.021768707482993196
Un	73265045	73265272	3	FCH1,FCH2,MTH1,MTH3	MTH2	0.0222820763956905	0.01652781510346681	0.011068539804171988	0.016587561775211625	0.002901457893040083	0.017094017094017096
Un	77073833	77074130	7	MTH1,FCH1,MTH3,FCH2,FCH3	MTH2	0.017446600358715147	0.015127092374457533	0.02190201729106628	0.014666506813731366	0.005046494351512667	0.019320660641944532
Un	77074298	77074321	3	FCH1,FCH2,FCH3,MTH1,MTH3	MTH2	0.056142668428005284	0.05751633986928104	0.06196377502383222	0.055283414975507345	0.013016670472710665	0.06419753086419754
Un	93014888	93015030	4	FCH1,MTH1	MTH2	0.010400416016640665	0.007791509940891994	0.008561643835616438	0.012708839068970442	0.0035014589412255106	0.009643201542912247
Un	95650438	95650677	3	MTH1,FCH1	MTH2	0.01331931300385559	0.008653846153846154	0.010505581089954037	0.009340126152353226	0.003143144017112673	0.009375
Un	96205547	96205665	3	MTH1,FCH2	MTH2	0.0018013381369016985	0.005948132286462051	0.0019928258270227183	0.004351901446170326	0.0019511814403621393	0.0033236393851267137
Un	104564404	104564638	5	FCH3,MTH1,FCH2	MTH2	0.03414634146341464	0.017054263565891473	0.05621301775147929	0.03877703206562267	0.00478515625	0.031578947368421054
Un	105992800	105993001	3	MTH2	MTH1	0.0	0.04263565891472868	0.056074766355140186	0.0032017075773745998	0.08662613981762918	0.025
Un	107719874	107720221	5	MTH2	MTH1,FCH3,MTH3,FCH1,FCH2	0.013036095744098154	0.012535098275170478	0.014082385721816401	0.012249427159141676	0.015999132446500867	0.012072273744803326
Un	107722770	107722982	3	MTH1	MTH2	0.004306632213608958	0.0041939711664482305	0.003871230643846781	0.004952800237057105	0.0022188485343921523	0.005467326217130955
Un	107723157	107723246	4	FCH3,FCH1,MTH1,FCH2,MTH3	MTH2	0.024302134646962233	0.021433717579250722	0.025212064090480678	0.021146266112709065	0.012207882804325079	0.02417854928704278
Un	107724290	107724471	4	MTH1,MTH3,FCH2,FCH1	MTH2	0.007252946509519492	0.00706436420722135	0.00668364099299809	0.007111935683364255	0.002966424277426299	0.009698825931597753
Un	109070537	109070942	4	MTH3,MTH1		0.014150943396226415	0.03076923076923077	0.02543940795559667	0.02464628023733455	0.02377892030848329	0.034281546316557256
Un	109558843	109559155	6	FCH2,MTH1,FCH3,FCH1,MTH3	MTH2	0.007271074755737333	0.007443531827515401	0.010101010101010102	0.008421343273279492	0.0026672414257617803	0.010141093474426807
Un	142263480	142263625	3	MTH1	MTH2	0.029239766081871343	0.02513522112631244	0.018300122000813338	0.032417346500644054	0.012714776632302405	0.011764705882352941
Un	144598497	144598723	3	MTH1	MTH2	0.029197080291970802	0.00904977375565611	0.028089887640449437	0.07349397590361446	0.030685920577617327	0.04743083003952569
Un	165519736	165519905	4	MTH1,MTH3	MTH2	0.025987006496751622	0.0372829417773238	0.029258517034068135	0.028481012658227847	0.009598143655732517	0.0201765447667087
Un	174191384	174191520	3	MTH1	MTH2	0.0125	0.03676470588235294	0.039473684210526314	0.02188743604320637	0.009667673716012085	0.0091324200913242
Z	6333667	6333906	3	MTH1	MTH2	0.07784431137724551	0.07590759075907591	0.05405405405405406	0.09563994374120956	0.015518913676042677	0.10084033613445378
Z	11826405	11826427	3	MTH1	MTH2	0.21568627450980393	0.12727272727272726	0.2777777777777778	0.2430939226519337	0.05371900826446281	0.0
Z	21699433	21699514	3	MTH1	MTH2	0.005379098360655738	0.006692980950746525	0.006186909801367633	0.007682379693933993	0.002265770958381365	0.009333333333333334
Z	24960287	24960499	5	MTH1,FCH1,FCH2,MTH3	MTH2	0.011585682171883105	0.00935031436401741	0.005591798695246971	0.010481586402266289	0.003996768570092265	0.006734006734006734
Z	41040549	41040554	3	MTH1	MTH2	0.4375	0.75	0.75	0.7209302325581395	0.140625	0.75
Z	55342179	55342377	3	MTH1	MTH2	0.005036319612590799	0.005128205128205128	0.0067600989282769995	0.006815913303864252	0.0027922349276298295	0.0047062924873627334
Z	55405696	55406118	4	MTH2	FCH1,FCH2,FCH3,MTH1,MTH3	0.005252686032630322	0.006521739130434782	0.006233177503895736	0.004407369982585513	0.009181893306399779	0.004929022082018927
Z	55408016	55408168	3	MTH2	FCH2,MTH1,FCH1,FCH3,MTH3	0.018104184457728437	0.02405543208262518	0.010815307820299502	0.016397953007208498	0.05137194094249309	0.01788036410923277
Z	55456130	55456280	5	MTH1,FCH3	MTH2	0.03088538091969801	0.02853924145700338	0.031578947368421054	0.019178278982904754	0.010352448528556473	0.03418803418803419
Z	55947560	55947858	3	FCH1,MTH1,MTH3	MTH2	0.015050907481186366	0.011870845204178538	0.014734144778987828	0.014152850788515973	0.010332376229008962	0.019452887537993922
Z	55948880	55949058	3	FCH1,FCH2,MTH1,MTH3,FCH3	MTH2	0.027142857142857142	0.027729257641921398	0.02676659528907923	0.024795523030563926	0.015287676892882967	0.027763496143958868
Z	65322461	65322814	4	MTH1	MTH2	0.051643192488262914	0.060453400503778336	0.09954751131221719	0.05022421524663677	0.018626929217668974	0.06043956043956044
Z	68080369	68080564	3	MTH1	MTH2	0.01824817518248175	0.047619047619047616	0.028169014084507043	0.0765625	0.012531328320802004	0.04807692307692308
Z	68858811	68859066	3	MTH2,MTH3	MTH1,FCH2	0.020375067570377145	0.01962487533378374	0.021307418361803585	0.01981724373717909	0.028865649343719987	0.0216273335681578
Z	70960510	70960671	3	MTH2		0.026490066225165563	0.06666666666666667	0.05389221556886228	0.052805280528052806	0.049531459170013385	0.06666666666666667
